Datasource Name,Datasource ID,Table Schema,Table Name,Database Name,Database Connection Type
QBR - Customer Lives Datasource - Test,0029e833-44d5-28bb-425d-eded35389c3d,VISUALIZATION,VW_CUSTOMER_DATE_AVAILABILITY,TRANSFORMED_LAYER_TEST,snowflake
QBR - Customer Lives Datasource - Test,0029e833-44d5-28bb-425d-eded35389c3d,VISUALIZATION,VW_CUSTOMER_TOTAL_LIVES,TRANSFORMED_LAYER_TEST,snowflake
MEMBER_SAVINGS_DRILL_DOWN_REPORT_REDACTED (TRANSFORMED_LAYER.MEMBER_SAVINGS_DRILL_DOWN_REPORT_REDACTED) (DRILL_DOWN_REPORTS),00457fc6-b0f2-2616-9119-13177c4d7689,DRILL_DOWN_REPORTS,MEMBER_SAVINGS_DRILL_DOWN_REPORT_REDACTED,TRANSFORMED_LAYER,snowflake
QBR - Pharmacy Spend Data,005dc0fc-927f-f24b-90e4-b3ed87145d9d,VISUALIZATION,VW_CUSTOMER_DATE_AVAILABILITY_WITH_ROI_PERIODS,TRANSFORMED_LAYER,snowflake
QBR - Pharmacy Spend Data,005dc0fc-927f-f24b-90e4-b3ed87145d9d,VISUALIZATION,VW_PHARMACY_SPEND_AND_SAVE,TRANSFORMED_LAYER,snowflake
VW_MEMBER_ENGAGEMENT_ACTIVITY (TRANSFORMED_LAYER.VW_MEMBER_ENGAGEMENT_ACTIVITY)+ (PUBLIC),006e8b7e-f078-74d5-b8a0-55eae371cfc3,VISUALIZATION,VW_REALIZED_SAVINGS_WITH_EMPLOYEE_DATA,TRANSFORMED_LAYER,snowflake
VW_MEMBER_ENGAGEMENT_ACTIVITY (TRANSFORMED_LAYER.VW_MEMBER_ENGAGEMENT_ACTIVITY)+ (PUBLIC),006e8b7e-f078-74d5-b8a0-55eae371cfc3,ENGAGEMENT,VW_MEMBER_ENGAGEMENT_ACTIVITY,TRANSFORMED_LAYER,snowflake
VW_MEMBER_ENGAGEMENT_ACTIVITY (TRANSFORMED_LAYER.VW_MEMBER_ENGAGEMENT_ACTIVITY)+ (PUBLIC),006e8b7e-f078-74d5-b8a0-55eae371cfc3,VISUALIZATION,SAVERX_TOTALLIVES,TRANSFORMED_LAYER,snowflake
Amazon QBR - Pharmacy Spend Dataset,0236291d-65ff-5715-96a6-4553dc6644bf,AMAZON,VW_PHARMACY_SPEND_AND_SAVE,TRANSFORMED_LAYER,snowflake
QBR - Primary Data Source - Data Availability - KPA,03987b0c-2acc-85a0-fe69-8dd5cdf38152,VISUALIZATION,VW_CUSTOMER_DATE_AVAILABILITY_WITH_ROI_PERIODS,TRANSFORMED_LAYER,snowflake
QBR_CUSTOMER_ROI_PERIOD_DATA | Project : QBR Datasources,03bd3c46-4b3e-6062-f511-556d5d650a33,VISUALIZATION,VW_CUSTOMER_DATE_AVAILABILITY_WITH_ROI_PERIODS,TRANSFORMED_LAYER,snowflake
QBR_CUSTOMER_ROI_PERIOD_DATA | Project : QBR Datasources,03bd3c46-4b3e-6062-f511-556d5d650a33,VISUALIZATION,VW_CUSTOMER_ROI_PERIOD_DATA_WITH_LABELS,TRANSFORMED_LAYER,snowflake
QBR - Utilization Ratios Datasource - Test,05612c22-d220-ab21-fc4c-f2c29e5adbf7,VISUALIZATION,VW_CUSTOMER_UTILIZER_RATIOS,TRANSFORMED_LAYER_TEST,snowflake
QBR - Utilization Ratios Datasource - Test,05612c22-d220-ab21-fc4c-f2c29e5adbf7,VISUALIZATION,VW_CUSTOMER_DATE_AVAILABILITY,TRANSFORMED_LAYER_TEST,snowflake
QBR - Member Utilization Breakdown,05806f23-9b81-253d-d55e-46585e1feb6b,VISUALIZATION,VW_CUSTOMER_DATE_AVAILABILITY,TRANSFORMED_LAYER,snowflake
QBR - Member Utilization Breakdown,05806f23-9b81-253d-d55e-46585e1feb6b,VISUALIZATION,VW_UTILIZATION_BREAKDOWN_QBR,TRANSFORMED_LAYER,snowflake
QBR - Amazon - Primary Data Source - Data Availability Test - Parameters For Custom Fields,06df9a8e-bfc8-422d-75d4-71c8b4c26738,AMAZON,VW_CUSTOMER_DATE_AVAILABILITY_WITH_ROI_PERIODS,TRANSFORMED_LAYER_TEST,snowflake
CUSTOMER_ROI_PERIOD_DATA - Test,09b4b5e0-cb07-e937-8caf-c2a902e9d157,VISUALIZATION,VW_CUSTOMER_ROI_PERIOD_DATA_WITH_LABELS,TRANSFORMED_LAYER_TEST,snowflake
CUSTOMER_ROI_PERIOD_DATA - Test,09b4b5e0-cb07-e937-8caf-c2a902e9d157,VISUALIZATION,VW_CUSTOMER_DATE_AVAILABILITY_WITH_ROI_PERIODS,TRANSFORMED_LAYER_TEST,snowflake
QBR - Login and Registration Data,0a30c686-d904-27f7-1d5a-36bebc39c82b,VISUALIZATION,VW_CUSTOMER_DATE_AVAILABILITY,TRANSFORMED_LAYER,snowflake
QBR - Login and Registration Data,0a30c686-d904-27f7-1d5a-36bebc39c82b,VISUALIZATION,VW_MONTHLY_LOGIN_AND_REGISTRATION_DATA,TRANSFORMED_LAYER,snowflake
SAVINGS_BY_MMA_WIDE (TRANSFORMED_LAYER.SAVINGS_BY_MMA_WIDE) (VISUALIZATION),0adc3f42-4a35-39b1-aeb5-134b47f81188,VISUALIZATION,SAVINGS_BY_MMA_WIDE,TRANSFORMED_LAYER,snowflake
QBR - Member Savings Dataset - Test,0cc16a96-99c7-ecc9-5a07-381959c6c242,VISUALIZATION,VW_REALIZED_SAVINGS_WITH_EMPLOYEE_DATA,TRANSFORMED_LAYER_TEST,snowflake
QBR - Member Savings Dataset - Test,0cc16a96-99c7-ecc9-5a07-381959c6c242,VISUALIZATION,VW_CUSTOMER_DATE_AVAILABILITY_WITH_ROI_PERIODS,TRANSFORMED_LAYER_TEST,snowflake
QBR - PMPM Spend Data Set,0cf3d646-55ad-4870-a76f-7bbc6f66d7a7,VISUALIZATION,VW_CUSTOMER_DATE_AVAILABILITY_WITH_ROI_PERIODS,TRANSFORMED_LAYER,snowflake
QBR - PMPM Spend Data Set,0cf3d646-55ad-4870-a76f-7bbc6f66d7a7,VISUALIZATION,VW_PMPM_SPEND,TRANSFORMED_LAYER,snowflake
VW_MASTER_DRUG_WITH_LOOKUPS (RAW_LAYER_TEST.VW_MASTER_DRUG_WITH_LOOKUPS)+ (MASTER),0d19f341-b17e-9f89-9aa9-b4d1bbc85ba9,VISUALIZATION,VW_REALIZED_SAVINGS_WITH_EMPLOYEE_DATA,TRANSFORMED_LAYER,snowflake
VW_MASTER_DRUG_WITH_LOOKUPS (RAW_LAYER_TEST.VW_MASTER_DRUG_WITH_LOOKUPS)+ (MASTER),0d19f341-b17e-9f89-9aa9-b4d1bbc85ba9,VISUALIZATION,VW_MMA_LOOKUP,TRANSFORMED_LAYER,snowflake
VW_MASTER_DRUG_WITH_LOOKUPS (RAW_LAYER_TEST.VW_MASTER_DRUG_WITH_LOOKUPS)+ (MASTER),0d19f341-b17e-9f89-9aa9-b4d1bbc85ba9,VISUALIZATION,VW_MEMBER_OPPORTUNITIES_WITH_BEST_SAVER_IDENTIFIED,TRANSFORMED_LAYER,snowflake
QBR - PMPM Spend Data Set,0d75ca88-c17f-3823-ab78-269e9aaa6de4,VISUALIZATION,VW_CUSTOMER_DATE_AVAILABILITY_WITH_ROI_PERIODS,TRANSFORMED_LAYER,snowflake
QBR - PMPM Spend Data Set,0d75ca88-c17f-3823-ab78-269e9aaa6de4,VISUALIZATION,VW_PMPM_SPEND,TRANSFORMED_LAYER,snowflake
QBR - Monthly Customer Communications,0d925db1-4ca2-23fb-ce55-2350dacbe486,VISUALIZATION,VW_CUSTOMER_DATE_AVAILABILITY,TRANSFORMED_LAYER,snowflake
QBR - Monthly Customer Communications,0d925db1-4ca2-23fb-ce55-2350dacbe486,VISUALIZATION,VW_MONTHLY_CUSTOMER_COMMUNICATIONS,TRANSFORMED_LAYER,snowflake
Amazon QBR - Member Utilization Breakdown Dataset,0e635323-2894-c572-137c-4c3650beb693,AMAZON,VW_CUSTOMER_DATE_AVAILABILITY_WITH_ROI_PERIODS,TRANSFORMED_LAYER,snowflake
Amazon QBR - Member Utilization Breakdown Dataset,0e635323-2894-c572-137c-4c3650beb693,AMAZON,VW_MEMBER_UTILIZATION_BREAKDOWN_WITH_CUSTOM_FIELDS,TRANSFORMED_LAYER,snowflake
SAVINGS_BY_MMA_WIDE (TRANSFORMED_LAYER.SAVINGS_BY_MMA_WIDE) (VISUALIZATION),0f906563-520d-35e4-dda1-dbcfbfa7fc9a,VISUALIZATION,SAVINGS_BY_MMA_WIDE,TRANSFORMED_LAYER,snowflake
QBR - Pharmacy Spend Data - Test,10d94134-25a9-eb4b-dec4-cdec8527e65a,VISUALIZATION,VW_CUSTOMER_DATE_AVAILABILITY_WITH_ROI_PERIODS,TRANSFORMED_LAYER_TEST,snowflake
QBR - Pharmacy Spend Data - Test,10d94134-25a9-eb4b-dec4-cdec8527e65a,VISUALIZATION,VW_PHARMACY_SPEND_AND_SAVE,TRANSFORMED_LAYER_TEST,snowflake
QBR - Customer Lives Datasource,10e3f7e9-e0aa-16fd-17f0-136632ba389a,VISUALIZATION,VW_CUSTOMER_DATE_AVAILABILITY,TRANSFORMED_LAYER,snowflake
QBR - Customer Lives Datasource,10e3f7e9-e0aa-16fd-17f0-136632ba389a,VISUALIZATION,VW_CUSTOMER_TOTAL_LIVES,TRANSFORMED_LAYER,snowflake
QBR - Amazon - Member Savings Dataset - Test,1293956d-7dbf-0edf-6830-bacf7afda1e7,AMAZON,VW_CUSTOMER_DATE_AVAILABILITY_WITH_ROI_PERIODS,TRANSFORMED_LAYER_TEST,snowflake
QBR - Amazon - Member Savings Dataset - Test,1293956d-7dbf-0edf-6830-bacf7afda1e7,AMAZON,VW_REALIZED_SAVINGS_WITH_EMPLOYEE_DATA_AND_CUSTOM_FILTERS,TRANSFORMED_LAYER_TEST,snowflake
QBR - Member Utilization Breakdown - Test,12ee78e8-c570-ac33-584d-f3307cd8db37,VISUALIZATION,VW_CUSTOMER_DATE_AVAILABILITY,TRANSFORMED_LAYER_TEST,snowflake
QBR - Member Utilization Breakdown - Test,12ee78e8-c570-ac33-584d-f3307cd8db37,VISUALIZATION,VW_UTILIZATION_BREAKDOWN_QBR,TRANSFORMED_LAYER_TEST,snowflake
QBR - Monthly Customer Communications,132d67c7-9e08-03fe-13f6-2a56da363104,VISUALIZATION,VW_CUSTOMER_DATE_AVAILABILITY,TRANSFORMED_LAYER,snowflake
QBR - Monthly Customer Communications,132d67c7-9e08-03fe-13f6-2a56da363104,VISUALIZATION,VW_MONTHLY_CUSTOMER_COMMUNICATIONS,TRANSFORMED_LAYER,snowflake
Amazon QBR - Pharmacy Spend Dataset,16d57e06-94e8-0aba-ef81-9b459a775db5,AMAZON,VW_PHARMACY_SPEND_AND_SAVE,TRANSFORMED_LAYER,snowflake
Amazon QBR - Pharmacy Spend Dataset,16d57e06-94e8-0aba-ef81-9b459a775db5,AMAZON,VW_CUSTOMER_DATE_AVAILABILITY_WITH_ROI_PERIODS,TRANSFORMED_LAYER,snowflake
QBR - Amazon - Monthly Customer Communications (1) (local copy),170bdfb2-f4e0-ca59-3416-71979d5eb0f3,AMAZON,VW_CUSTOMER_DATE_AVAILABILITY_WITH_ROI_PERIODS,TRANSFORMED_LAYER_TEST,snowflake
QBR - Amazon - Monthly Customer Communications (1) (local copy),170bdfb2-f4e0-ca59-3416-71979d5eb0f3,AMAZON,VW_MONTHLY_CUSTOMER_COMMUNICATIONS,TRANSFORMED_LAYER_TEST,snowflake
QBR - CLAIMS AND SPEND DATA SET,187280ff-68f6-8183-c6ee-52107fb27aec,VISUALIZATION,VW_CUSTOMER_DATE_AVAILABILITY,TRANSFORMED_LAYER,snowflake
QBR - CLAIMS AND SPEND DATA SET,187280ff-68f6-8183-c6ee-52107fb27aec,VISUALIZATION,VW_CLAIMS_AND_SPENDS,TRANSFORMED_LAYER,snowflake
QBR - Customer Lives Datasource | Project : QBR Datasources,188cce46-bde8-a738-3cb5-4f28246d0380,VISUALIZATION,VW_CUSTOMER_DATE_AVAILABILITY,TRANSFORMED_LAYER,snowflake
QBR - Customer Lives Datasource | Project : QBR Datasources,188cce46-bde8-a738-3cb5-4f28246d0380,VISUALIZATION,VW_CUSTOMER_TOTAL_LIVES,TRANSFORMED_LAYER,snowflake
QBR - Login and Registration Data - Test,19ccf548-6d42-8ff3-334f-1bea3cb79c82,VISUALIZATION,VW_MONTHLY_LOGIN_AND_REGISTRATION_DATA,TRANSFORMED_LAYER_TEST,snowflake
QBR - Login and Registration Data - Test,19ccf548-6d42-8ff3-334f-1bea3cb79c82,VISUALIZATION,VW_CUSTOMER_DATE_AVAILABILITY,TRANSFORMED_LAYER_TEST,snowflake
Amazon QBR - Member Utilization Breakdown Dataset with Location,1a454658-f959-d23f-6e5c-df670490e892,AMAZON,VW_CUSTOMER_DATE_AVAILABILITY_WITH_ROI_PERIODS,TRANSFORMED_LAYER,snowflake
Amazon QBR - Member Utilization Breakdown Dataset with Location,1a454658-f959-d23f-6e5c-df670490e892,AMAZON,VW_MEMBER_UTILIZATION_BREAKDOWN_WITH_CUSTOM_FIELDS,TRANSFORMED_LAYER,snowflake
Amazon QBR - Claims and Spend Dataset,1acf3de4-2add-b74c-959a-c7ceb3d52712,AMAZON,VW_CUSTOMER_DATE_AVAILABILITY_WITH_ROI_PERIODS,TRANSFORMED_LAYER,snowflake
Amazon QBR - Claims and Spend Dataset,1acf3de4-2add-b74c-959a-c7ceb3d52712,AMAZON,VW_CLAIMS_AND_SPENDS,TRANSFORMED_LAYER,snowflake
VW_MEMBER_ENGAGEMENT_ACTIVITY (TRANSFORMED_LAYER.ENGAGEMENT.VW_MEMBER_ENGAGEMENT_ACTIVITY),1b7c2785-ba5b-f1f7-a164-38ef7adb9a66,ENGAGEMENT,VW_MEMBER_ENGAGEMENT_ACTIVITY,TRANSFORMED_LAYER,snowflake
Expected-Values-Of-Drug-A-To-Drug-B-Switches,1ba09b15-a867-cf68-320f-de9cf8c4706a,VISUALIZATION,CLINICAL_OPPORTUNITIES_BY_DRUG_NAME,TRANSFORMED_LAYER,snowflake
Expected-Values-Of-Drug-A-To-Drug-B-Switches,1ba09b15-a867-cf68-320f-de9cf8c4706a,VISUALIZATION,CLINICAL_ROUGH_ADOPTION_RATIOS_BY_CUSTOMER_AND_GLOBAL,TRANSFORMED_LAYER,snowflake
QBR - Number Of Members By Number Of Opportunities,1c46eeab-123e-de3c-9a47-5a5818fa89e4,VISUALIZATION,VW_CUSTOMER_DATE_AVAILABILITY,TRANSFORMED_LAYER,snowflake
QBR - Number Of Members By Number Of Opportunities,1c46eeab-123e-de3c-9a47-5a5818fa89e4,VISUALIZATION,VW_NUMBER_OF_MEMBERS_AND_CLAIMS_BY_MONTH,TRANSFORMED_LAYER,snowflake
QBR - Member Savings Dataset - Test,1c79c169-ce54-5b3d-6144-00657e90ae5d,VISUALIZATION,VW_REALIZED_SAVINGS_WITH_EMPLOYEE_DATA,TRANSFORMED_LAYER_TEST,snowflake
QBR - Member Savings Dataset - Test,1c79c169-ce54-5b3d-6144-00657e90ae5d,VISUALIZATION,VW_CUSTOMER_DATE_AVAILABILITY_WITH_ROI_PERIODS,TRANSFORMED_LAYER_TEST,snowflake
QBR_CUSTOMER_ROI_PERIOD_DATA | Project : QBR Datasources,1df1543c-d8ad-e342-6c23-e9dd8697c987,VISUALIZATION,VW_CUSTOMER_DATE_AVAILABILITY_WITH_ROI_PERIODS,TRANSFORMED_LAYER,snowflake
QBR_CUSTOMER_ROI_PERIOD_DATA | Project : QBR Datasources,1df1543c-d8ad-e342-6c23-e9dd8697c987,VISUALIZATION,VW_CUSTOMER_ROI_PERIOD_DATA_WITH_LABELS,TRANSFORMED_LAYER,snowflake
QBR - CLAIMS AND SPEND DATA SET,1df24dc3-c5bd-a845-e222-f1c250d59ce8,VISUALIZATION,VW_CUSTOMER_DATE_AVAILABILITY,TRANSFORMED_LAYER,snowflake
QBR - CLAIMS AND SPEND DATA SET,1df24dc3-c5bd-a845-e222-f1c250d59ce8,VISUALIZATION,VW_CLAIMS_AND_SPENDS,TRANSFORMED_LAYER,snowflake
QBR - Pharmacy Spend Data - KPA,1e0644b0-a79b-af51-d107-5363ac084774,VISUALIZATION,VW_CUSTOMER_DATE_AVAILABILITY_WITH_ROI_PERIODS,TRANSFORMED_LAYER,snowflake
QBR - Member Savings Dataset - Test,1eb34727-788a-6232-6047-058de8c86ee4,VISUALIZATION,VW_REALIZED_SAVINGS_WITH_EMPLOYEE_DATA,TRANSFORMED_LAYER_TEST,snowflake
QBR - Member Savings Dataset - Test,1eb34727-788a-6232-6047-058de8c86ee4,VISUALIZATION,VW_CUSTOMER_DATE_AVAILABILITY_WITH_ROI_PERIODS,TRANSFORMED_LAYER_TEST,snowflake
Member-Utilization-Breakdown-Unaggregated-Data-Source,1f7fe9c0-4547-8932-5b73-062adc668c21,VISUALIZATION,VW_CUSTOMER_DATE_AVAILABILITY_WITH_ROI_PERIODS,TRANSFORMED_LAYER,snowflake
QBR - Utilization Ratios Datasource,1f8db6c2-235e-81ab-956b-f25bac369aed,VISUALIZATION,VW_CUSTOMER_DATE_AVAILABILITY,TRANSFORMED_LAYER,snowflake
QBR - Utilization Ratios Datasource,1f8db6c2-235e-81ab-956b-f25bac369aed,VISUALIZATION,VW_CUSTOMER_UTILIZER_RATIOS,TRANSFORMED_LAYER,snowflake
QBR - Member Savings Dataset - KPA,2010e0f0-7a74-8b54-d365-91e5f17b9726,VISUALIZATION,VW_CUSTOMER_DATE_AVAILABILITY_WITH_ROI_PERIODS,TRANSFORMED_LAYER,snowflake
QBR - Member Savings Dataset - KPA,2010e0f0-7a74-8b54-d365-91e5f17b9726,VISUALIZATION,VW_REALIZED_SAVINGS_WITH_EMPLOYEE_DATA,TRANSFORMED_LAYER,snowflake
VW_MONTHLY_LOGIN_AND_REGISTRATION_DATA (TRANSFORMED_LAYER.VW_MONTHLY_LOGIN_AND_REGISTRATION_DATA) (VISUALIZATION),213b53ac-f993-d3a1-23d4-68233cb70382,VISUALIZATION,VW_MONTHLY_LOGIN_AND_REGISTRATION_DATA,TRANSFORMED_LAYER,snowflake
QBR_CUSTOMER_ROI_PERIOD_DATA | Project : QBR Datasources,21a6c9a2-6e7e-4a42-c248-d19964190d89,VISUALIZATION,VW_CUSTOMER_DATE_AVAILABILITY_WITH_ROI_PERIODS,TRANSFORMED_LAYER,snowflake
QBR_CUSTOMER_ROI_PERIOD_DATA | Project : QBR Datasources,21a6c9a2-6e7e-4a42-c248-d19964190d89,VISUALIZATION,VW_CUSTOMER_ROI_PERIOD_DATA_WITH_LABELS,TRANSFORMED_LAYER,snowflake
QBR - Member Savings Dataset,222e84fb-3b55-2cbc-f33e-c81753f107f4,VISUALIZATION,VW_REALIZED_SAVINGS_WITH_EMPLOYEE_DATA,TRANSFORMED_LAYER,snowflake
QBR - Member Savings Dataset,222e84fb-3b55-2cbc-f33e-c81753f107f4,VISUALIZATION,VW_CUSTOMER_DATE_AVAILABILITY_WITH_ROI_PERIODS,TRANSFORMED_LAYER,snowflake
QBR - Member Savings Opportunity Dataset - Child Company Location | Project : QBR Datasources,228a755c-140a-b8de-8d79-ebd85a6f3453,VISUALIZATION,VW_CUSTOMER_DATE_AVAILABILITY,TRANSFORMED_LAYER,snowflake
QBR - Member Savings Opportunity Dataset - Child Company Location | Project : QBR Datasources,228a755c-140a-b8de-8d79-ebd85a6f3453,VISUALIZATION,VW_MEMBER_OPPORTUNITIES_WITH_BEST_SAVER_IDENTIFIED_WTIH_CHILD_COMPANY_LOCATION,TRANSFORMED_LAYER,snowflake
QBR - Primary Data Source - Data Availability - KPA,2351bec2-0c47-6eec-94dd-c020867c88fc,VISUALIZATION,VW_CUSTOMER_DATE_AVAILABILITY_WITH_ROI_PERIODS,TRANSFORMED_LAYER,snowflake
QBR - Customer Lives Datasource,2363cbfc-b4c0-4601-026c-367b862cca1c,VISUALIZATION,VW_CUSTOMER_DATE_AVAILABILITY,TRANSFORMED_LAYER,snowflake
QBR - Customer Lives Datasource,2363cbfc-b4c0-4601-026c-367b862cca1c,VISUALIZATION,VW_CUSTOMER_TOTAL_LIVES,TRANSFORMED_LAYER,snowflake
QBR - Login and Registration Data - Test,23b5e7d7-725c-c852-4c23-29c1eb34150a,VISUALIZATION,VW_MONTHLY_LOGIN_AND_REGISTRATION_DATA,TRANSFORMED_LAYER_TEST,snowflake
QBR - Login and Registration Data - Test,23b5e7d7-725c-c852-4c23-29c1eb34150a,VISUALIZATION,VW_CUSTOMER_DATE_AVAILABILITY,TRANSFORMED_LAYER_TEST,snowflake
QBR - Primary Data Source - Data Availability - Test,23ef8067-c6ea-02c2-e5d0-debf03dcb25d,VISUALIZATION,VW_CUSTOMER_DATE_AVAILABILITY_WITH_ROI_PERIODS,TRANSFORMED_LAYER_TEST,snowflake
QBR - Member Savings Dataset,23f823ff-d36e-9401-69ab-017cdb7f916c,VISUALIZATION,VW_REALIZED_SAVINGS_WITH_EMPLOYEE_DATA,TRANSFORMED_LAYER,snowflake
QBR - Member Savings Dataset,23f823ff-d36e-9401-69ab-017cdb7f916c,VISUALIZATION,VW_CUSTOMER_DATE_AVAILABILITY_WITH_ROI_PERIODS,TRANSFORMED_LAYER,snowflake
QBR - Customer Lives Datasource,26fb5e7b-d660-941d-7bab-2a59e818a1c7,VISUALIZATION,VW_CUSTOMER_DATE_AVAILABILITY,TRANSFORMED_LAYER,snowflake
QBR - Customer Lives Datasource,26fb5e7b-d660-941d-7bab-2a59e818a1c7,VISUALIZATION,VW_CUSTOMER_TOTAL_LIVES,TRANSFORMED_LAYER,snowflake
QBR - CLAIMS AND SPEND DATA SET | Project : QBR Datasources,2917af5d-78c4-7b00-f509-481befc0f330,VISUALIZATION,VW_CUSTOMER_DATE_AVAILABILITY,TRANSFORMED_LAYER,snowflake
QBR - CLAIMS AND SPEND DATA SET | Project : QBR Datasources,2917af5d-78c4-7b00-f509-481befc0f330,VISUALIZATION,VW_CLAIMS_AND_SPENDS,TRANSFORMED_LAYER,snowflake
QBR - Pharmacy Spend Data,2967f5f5-8acc-8bf3-88a7-c22a186d35a3,VISUALIZATION,VW_CUSTOMER_DATE_AVAILABILITY_WITH_ROI_PERIODS,TRANSFORMED_LAYER,snowflake
QBR - Pharmacy Spend Data,2967f5f5-8acc-8bf3-88a7-c22a186d35a3,VISUALIZATION,VW_PHARMACY_SPEND_AND_SAVE,TRANSFORMED_LAYER,snowflake
QBR - Login and Registration Data,2a3c280c-b461-40e4-1c6d-c8751a2a17d3,VISUALIZATION,VW_CUSTOMER_DATE_AVAILABILITY,TRANSFORMED_LAYER,snowflake
QBR - Login and Registration Data,2a3c280c-b461-40e4-1c6d-c8751a2a17d3,VISUALIZATION,VW_MONTHLY_LOGIN_AND_REGISTRATION_DATA,TRANSFORMED_LAYER,snowflake
QBR_CUSTOMER_ROI_PERIOD_DATA | Project : QBR Datasources,2a50311f-7584-5140-a540-c2930ffa7a62,VISUALIZATION,VW_CUSTOMER_DATE_AVAILABILITY_WITH_ROI_PERIODS,TRANSFORMED_LAYER,snowflake
QBR_CUSTOMER_ROI_PERIOD_DATA | Project : QBR Datasources,2a50311f-7584-5140-a540-c2930ffa7a62,VISUALIZATION,VW_CUSTOMER_ROI_PERIOD_DATA_WITH_LABELS,TRANSFORMED_LAYER,snowflake
New Utilizers Drill Down Report Datasource,2b1410f8-17f4-1b83-2575-e414ca3f8429,DRILL_DOWN_REPORTS,VW_NEW_UTILIZERS_DRILL_DOWN,TRANSFORMED_LAYER,snowflake
CUSTOMER_ROI_PERIOD_DATA - Test,2b5a0555-5b59-4b6a-d461-deee31122655,VISUALIZATION,VW_CUSTOMER_ROI_PERIOD_DATA_WITH_LABELS,TRANSFORMED_LAYER_TEST,snowflake
CUSTOMER_ROI_PERIOD_DATA - Test,2b5a0555-5b59-4b6a-d461-deee31122655,VISUALIZATION,VW_CUSTOMER_DATE_AVAILABILITY_WITH_ROI_PERIODS,TRANSFORMED_LAYER_TEST,snowflake
QBR - Member Communication Metadata Data Set - Test,2c9b53a4-4bc5-8493-89d0-bfcb1b8c0512,VISUALIZATION,VW_MEMBER_COMMUNICATION_OPTIONS,TRANSFORMED_LAYER_TEST,snowflake
QBR - Member Communication Metadata Data Set - Test,2c9b53a4-4bc5-8493-89d0-bfcb1b8c0512,VISUALIZATION,VW_CUSTOMER_DATE_AVAILABILITY,TRANSFORMED_LAYER_TEST,snowflake
QBR - Customer Lives Datasource,2cd882be-e87a-e1e7-6fd7-72a897a3c0d2,VISUALIZATION,VW_CUSTOMER_DATE_AVAILABILITY,TRANSFORMED_LAYER,snowflake
QBR - Customer Lives Datasource,2cd882be-e87a-e1e7-6fd7-72a897a3c0d2,VISUALIZATION,VW_CUSTOMER_TOTAL_LIVES,TRANSFORMED_LAYER,snowflake
VW_DRILL_DOWN_REPORT_BASE (TRANSFORMED_LAYER.VW_DRILL_DOWN_REPORT_BASE) (DRILL_DOWN_REPORTS) (2),2e79a756-792f-760b-2481-9bd8681001a1,DRILL_DOWN_REPORTS,VW_DRILL_DOWN_REPORT_BASE,TRANSFORMED_LAYER,snowflake
QBR - Member Utilization Breakdown,30c6405f-a6e3-09bd-21a7-ff396f400dd2,VISUALIZATION,VW_CUSTOMER_DATE_AVAILABILITY,TRANSFORMED_LAYER,snowflake
QBR - Member Utilization Breakdown,30c6405f-a6e3-09bd-21a7-ff396f400dd2,VISUALIZATION,VW_UTILIZATION_BREAKDOWN_QBR,TRANSFORMED_LAYER,snowflake
Amazon QBR - Number Of Members By Number Of Opportunities Dataset,30d54314-15bd-81e3-92b6-11a510c556f6,AMAZON,VW_CUSTOMER_DATE_AVAILABILITY_WITH_ROI_PERIODS,TRANSFORMED_LAYER,snowflake
Custom SQL Query (PUBLIC),30ed9d59-f127-c653-e49a-8da727d91bb1,mastermgmt,dict_ignore_reason,RAW_LAYER,snowflake
Custom SQL Query (PUBLIC),30ed9d59-f127-c653-e49a-8da727d91bb1,public,saverx_switches,RAW_LAYER,snowflake
Custom SQL Query (PUBLIC),30ed9d59-f127-c653-e49a-8da727d91bb1,mastermgmt,dict_strategy,RAW_LAYER,snowflake
Custom SQL Query (PUBLIC),30ed9d59-f127-c653-e49a-8da727d91bb1,public,saverx_totallives,RAW_LAYER,snowflake
Custom SQL Query (PUBLIC),30ed9d59-f127-c653-e49a-8da727d91bb1,public,saverx_switch_changelog,RAW_LAYER,snowflake
QBR - Utilization Ratios Datasource | Project : QBR Datasources,3183c1d5-9ef7-14e0-6d96-ce148d67b5cc,VISUALIZATION,VW_CUSTOMER_DATE_AVAILABILITY,TRANSFORMED_LAYER,snowflake
QBR - Utilization Ratios Datasource | Project : QBR Datasources,3183c1d5-9ef7-14e0-6d96-ce148d67b5cc,VISUALIZATION,VW_CUSTOMER_UTILIZER_RATIOS,TRANSFORMED_LAYER,snowflake
QBR - Primary Data Source - Data Availability,31a26022-56f1-72e7-635b-dcdfb0b3279c,VISUALIZATION,VW_CUSTOMER_DATE_AVAILABILITY_WITH_ROI_PERIODS,TRANSFORMED_LAYER,snowflake
QBR - Member Communication Metadata Data Set,335119b5-874a-4085-312e-4c0418adcb4f,VISUALIZATION,VW_CUSTOMER_DATE_AVAILABILITY,TRANSFORMED_LAYER,snowflake
QBR - Member Communication Metadata Data Set,335119b5-874a-4085-312e-4c0418adcb4f,VISUALIZATION,VW_MEMBER_COMMUNICATION_OPTIONS,TRANSFORMED_LAYER,snowflake
QBR - Monthly Customer Communications - Test,34d7ec2e-82d4-782c-7182-3244d578f671,VISUALIZATION,VW_MONTHLY_CUSTOMER_COMMUNICATIONS,TRANSFORMED_LAYER_TEST,snowflake
QBR - Monthly Customer Communications - Test,34d7ec2e-82d4-782c-7182-3244d578f671,VISUALIZATION,VW_CUSTOMER_DATE_AVAILABILITY,TRANSFORMED_LAYER_TEST,snowflake
QBR - Utilization Ratios Datasource,358006e0-a878-17e2-4617-de8ec51fa0b4,VISUALIZATION,VW_CUSTOMER_DATE_AVAILABILITY,TRANSFORMED_LAYER,snowflake
QBR - Utilization Ratios Datasource,358006e0-a878-17e2-4617-de8ec51fa0b4,VISUALIZATION,VW_CUSTOMER_UTILIZER_RATIOS,TRANSFORMED_LAYER,snowflake
Campaign Marketing Datasource,35a9e415-4f64-32a9-91fd-17454b3f1441,VISUALIZATION,CAMPAIGN_MARKETING,TRANSFORMED_LAYER,snowflake
Dynamic Filter DataSource,36b6ba30-fedd-9796-132b-52298c48ebb9,VISUALIZATION,VW_CUSTOMER_DATE_AVAILABILITY_WITH_ROI_PERIODS,TRANSFORMED_LAYER,snowflake
Dynamic Filter DataSource,36b6ba30-fedd-9796-132b-52298c48ebb9,VISUALIZATION,VW_MEMBER_OPPORTUNITIES_WITH_BEST_SAVER_IDENTIFIED,TRANSFORMED_LAYER,snowflake
Dynamic Filter DataSource,36b6ba30-fedd-9796-132b-52298c48ebb9,VISUALIZATION,TABLEAU_USERS_TEST,TRANSFORMED_LAYER,snowflake
QBR - Member Opportunity Savings Dataset - Test,36cecf6e-412f-7e4e-1b73-7ef837ad9f7b,VISUALIZATION,VW_CUSTOMER_DATE_AVAILABILITY,TRANSFORMED_LAYER_TEST,snowflake
QBR - Member Opportunity Savings Dataset - Test,36cecf6e-412f-7e4e-1b73-7ef837ad9f7b,VISUALIZATION,VW_MEMBER_OPPORTUNITIES_WITH_BEST_SAVER_IDENTIFIED,TRANSFORMED_LAYER_TEST,snowflake
QBR - Customer Lives Datasource - Test,373a62ec-a7cb-bd13-89f9-bb805feacd2e,VISUALIZATION,VW_CUSTOMER_DATE_AVAILABILITY,TRANSFORMED_LAYER_TEST,snowflake
QBR - Customer Lives Datasource - Test,373a62ec-a7cb-bd13-89f9-bb805feacd2e,VISUALIZATION,VW_CUSTOMER_TOTAL_LIVES,TRANSFORMED_LAYER_TEST,snowflake
QBR - Member Opportunity Savings Dataset - Test,37a575fa-b4fc-1550-35ce-8e617636061f,VISUALIZATION,VW_CUSTOMER_DATE_AVAILABILITY,TRANSFORMED_LAYER_TEST,snowflake
QBR - Member Opportunity Savings Dataset - Test,37a575fa-b4fc-1550-35ce-8e617636061f,VISUALIZATION,VW_MEMBER_OPPORTUNITIES_WITH_BEST_SAVER_IDENTIFIED,TRANSFORMED_LAYER_TEST,snowflake
QBR - Amazon - Member Opportunity Savings Dataset - Test,39072d99-57fb-d20d-1fa0-d7feb6659de6,AMAZON,VW_CUSTOMER_DATE_AVAILABILITY_WITH_ROI_PERIODS,TRANSFORMED_LAYER_TEST,snowflake
QBR - Amazon - Member Opportunity Savings Dataset - Test,39072d99-57fb-d20d-1fa0-d7feb6659de6,AMAZON,VW_MEMBER_OPPORTUNITIES_WITH_BEST_SAVER_IDENTIFIED,TRANSFORMED_LAYER_TEST,snowflake
QBR - Member Savings Dataset,3918856d-aa87-9bce-a06b-f93180263fba,VISUALIZATION,VW_REALIZED_SAVINGS_WITH_EMPLOYEE_DATA,TRANSFORMED_LAYER,snowflake
QBR - Member Savings Dataset,3918856d-aa87-9bce-a06b-f93180263fba,VISUALIZATION,VW_CUSTOMER_DATE_AVAILABILITY_WITH_ROI_PERIODS,TRANSFORMED_LAYER,snowflake
VW_REALIZED_SAVINGS_WITH_EMPLOYEE_DATA (TRANSFORMED_LAYER.VW_REALIZED_SAVINGS_WITH_EMPLOYEE_DATA) (VISUALIZATION),39b97dc1-6a1c-222f-3a12-6b297449a6eb,VISUALIZATION,VW_REALIZED_SAVINGS_WITH_EMPLOYEE_DATA,TRANSFORMED_LAYER,snowflake
Amazon QBR - Member Opportunity Savings Dataset,3a32df3b-7da1-b405-907b-a588aa155799,AMAZON,VW_CUSTOMER_DATE_AVAILABILITY_WITH_ROI_PERIODS,TRANSFORMED_LAYER,snowflake
Amazon QBR - Member Opportunity Savings Dataset,3a32df3b-7da1-b405-907b-a588aa155799,AMAZON,VW_MEMBER_OPPORTUNITIES_WITH_BEST_SAVER_IDENTIFIED,TRANSFORMED_LAYER,snowflake
QBR - Number Of Members By Number Of Opportunities,3afba5a6-3d2e-4055-3846-ba5253a197d5,VISUALIZATION,VW_CUSTOMER_DATE_AVAILABILITY,TRANSFORMED_LAYER,snowflake
QBR - Number Of Members By Number Of Opportunities,3afba5a6-3d2e-4055-3846-ba5253a197d5,VISUALIZATION,VW_NUMBER_OF_MEMBERS_AND_CLAIMS_BY_MONTH,TRANSFORMED_LAYER,snowflake
QBR - CLAIMS AND SPEND DATA SET,3b216f85-706c-45ed-cfbd-74dff6a24bef,VISUALIZATION,VW_CUSTOMER_DATE_AVAILABILITY,TRANSFORMED_LAYER,snowflake
QBR - CLAIMS AND SPEND DATA SET,3b216f85-706c-45ed-cfbd-74dff6a24bef,VISUALIZATION,VW_CLAIMS_AND_SPENDS,TRANSFORMED_LAYER,snowflake
QBR - Member Savings Opportunity Dataset - Child Company Location | Project : QBR Datasources,3be2aa6f-5a97-c629-b68b-ac33f556a460,VISUALIZATION,VW_CUSTOMER_DATE_AVAILABILITY,TRANSFORMED_LAYER,snowflake
QBR - Member Savings Opportunity Dataset - Child Company Location | Project : QBR Datasources,3be2aa6f-5a97-c629-b68b-ac33f556a460,VISUALIZATION,VW_MEMBER_OPPORTUNITIES_WITH_BEST_SAVER_IDENTIFIED_WTIH_CHILD_COMPANY_LOCATION,TRANSFORMED_LAYER,snowflake
QBR - Utilization Ratios Datasource,3cf379e4-6edf-d4ee-3435-4ca7e0364f7b,VISUALIZATION,VW_CUSTOMER_DATE_AVAILABILITY,TRANSFORMED_LAYER,snowflake
QBR - Utilization Ratios Datasource,3cf379e4-6edf-d4ee-3435-4ca7e0364f7b,VISUALIZATION,VW_CUSTOMER_UTILIZER_RATIOS,TRANSFORMED_LAYER,snowflake
QBR - Amazon - PMPM Spend Data Set (1) (local copy),3d114515-9c11-7496-d3e4-c5b53b6d3d94,AMAZON,VW_CUSTOMER_DATE_AVAILABILITY_WITH_ROI_PERIODS,TRANSFORMED_LAYER_TEST,snowflake
QBR - Amazon - PMPM Spend Data Set (1) (local copy),3d114515-9c11-7496-d3e4-c5b53b6d3d94,AMAZON,VW_PMPM_SPEND,TRANSFORMED_LAYER_TEST,snowflake
QBR - Login and Registration Data,3d1ef2a0-9244-4eb6-1b24-3a9d29b1091b,VISUALIZATION,VW_CUSTOMER_DATE_AVAILABILITY,TRANSFORMED_LAYER,snowflake
QBR - Login and Registration Data,3d1ef2a0-9244-4eb6-1b24-3a9d29b1091b,VISUALIZATION,VW_MONTHLY_LOGIN_AND_REGISTRATION_DATA,TRANSFORMED_LAYER,snowflake
QBR - Number Of Members By Number Of Opportunities,3dc27fe2-ee73-c318-fb7e-5cbff363290f,VISUALIZATION,VW_CUSTOMER_DATE_AVAILABILITY,TRANSFORMED_LAYER,snowflake
QBR - Number Of Members By Number Of Opportunities,3dc27fe2-ee73-c318-fb7e-5cbff363290f,VISUALIZATION,VW_NUMBER_OF_MEMBERS_AND_CLAIMS_BY_MONTH,TRANSFORMED_LAYER,snowflake
QBR - Member Savings Dataset,3f8bacfe-96a9-82bd-c3ef-bcf18abe906b,VISUALIZATION,VW_REALIZED_SAVINGS_WITH_EMPLOYEE_DATA,TRANSFORMED_LAYER,snowflake
QBR - Member Savings Dataset,3f8bacfe-96a9-82bd-c3ef-bcf18abe906b,VISUALIZATION,VW_CUSTOMER_DATE_AVAILABILITY_WITH_ROI_PERIODS,TRANSFORMED_LAYER,snowflake
QBR - Utilization Ratios Datasource - Test,3f92a4b4-fcd3-abf1-c486-cc806a8220e8,VISUALIZATION,VW_CUSTOMER_UTILIZER_RATIOS,TRANSFORMED_LAYER_TEST,snowflake
QBR - Utilization Ratios Datasource - Test,3f92a4b4-fcd3-abf1-c486-cc806a8220e8,VISUALIZATION,VW_CUSTOMER_DATE_AVAILABILITY,TRANSFORMED_LAYER_TEST,snowflake
QBR - Member Opportunity Savings Dataset,408747b2-1053-5894-26a9-575a3363b961,VISUALIZATION,VW_CUSTOMER_DATE_AVAILABILITY,TRANSFORMED_LAYER,snowflake
QBR - Member Opportunity Savings Dataset,408747b2-1053-5894-26a9-575a3363b961,VISUALIZATION,VW_MEMBER_OPPORTUNITIES_WITH_BEST_SAVER_IDENTIFIED,TRANSFORMED_LAYER,snowflake
QBR - Member Savings Opportunity Dataset - Child Company Location | Project : QBR Datasources,415c4a78-ae68-388e-f21b-406ec95f088e,VISUALIZATION,VW_CUSTOMER_DATE_AVAILABILITY,TRANSFORMED_LAYER,snowflake
QBR - Member Savings Opportunity Dataset - Child Company Location | Project : QBR Datasources,415c4a78-ae68-388e-f21b-406ec95f088e,VISUALIZATION,VW_MEMBER_OPPORTUNITIES_WITH_BEST_SAVER_IDENTIFIED_WTIH_CHILD_COMPANY_LOCATION,TRANSFORMED_LAYER,snowflake
QBR - Member Utilization Breakdown,41840c0f-0bef-f457-b655-36738bcbfdef,VISUALIZATION,VW_CUSTOMER_DATE_AVAILABILITY,TRANSFORMED_LAYER,snowflake
QBR - Member Utilization Breakdown,41840c0f-0bef-f457-b655-36738bcbfdef,VISUALIZATION,VW_UTILIZATION_BREAKDOWN_QBR,TRANSFORMED_LAYER,snowflake
QBR - Member Opportunity Savings Dataset,42006d14-242f-61f1-a665-aedfb1b48d53,VISUALIZATION,VW_CUSTOMER_DATE_AVAILABILITY,TRANSFORMED_LAYER,snowflake
QBR - Member Opportunity Savings Dataset,42006d14-242f-61f1-a665-aedfb1b48d53,VISUALIZATION,VW_MEMBER_OPPORTUNITIES_WITH_BEST_SAVER_IDENTIFIED,TRANSFORMED_LAYER,snowflake
Amazon QBR - Member Utilization Breakdown,43d5f4a7-d9ac-69fe-274f-04df9dd48c50,AMAZON,VW_CUSTOMER_DATE_AVAILABILITY_WITH_ROI_PERIODS,TRANSFORMED_LAYER,snowflake
Amazon QBR - Member Utilization Breakdown,43d5f4a7-d9ac-69fe-274f-04df9dd48c50,AMAZON,VW_MEMBER_UTILIZATION_BREAKDOWN_WITH_CUSTOM_FIELDS,TRANSFORMED_LAYER,snowflake
QBR - Amazon - PMPM Spend Data Set (1) (local copy),44753508-dc31-f262-2b3f-d83e0376995b,AMAZON,VW_CUSTOMER_DATE_AVAILABILITY_WITH_ROI_PERIODS,TRANSFORMED_LAYER_TEST,snowflake
QBR - Amazon - PMPM Spend Data Set (1) (local copy),44753508-dc31-f262-2b3f-d83e0376995b,AMAZON,VW_PMPM_SPEND,TRANSFORMED_LAYER_TEST,snowflake
QBR - Member Utilization Breakdown,44d1e17b-5592-fd53-7eb0-d3b5d698a109,VISUALIZATION,VW_CUSTOMER_DATE_AVAILABILITY,TRANSFORMED_LAYER,snowflake
QBR - Member Utilization Breakdown,44d1e17b-5592-fd53-7eb0-d3b5d698a109,VISUALIZATION,VW_UTILIZATION_BREAKDOWN_QBR,TRANSFORMED_LAYER,snowflake
QBR - Login and Registration Data - Test,44eda91c-5fcc-988f-61ae-aa557fdc5e2e,VISUALIZATION,VW_MONTHLY_LOGIN_AND_REGISTRATION_DATA,TRANSFORMED_LAYER_TEST,snowflake
QBR - Login and Registration Data - Test,44eda91c-5fcc-988f-61ae-aa557fdc5e2e,VISUALIZATION,VW_CUSTOMER_DATE_AVAILABILITY,TRANSFORMED_LAYER_TEST,snowflake
Amazon QBR - Login and Registration Data with Zoho,455ecd02-e956-c05a-0385-0e64a1613ae4,AMAZON,VW_MEMBER_ENGAGEMENT_WITH_ZOHO,TRANSFORMED_LAYER_TEST,snowflake
Amazon QBR - Login and Registration Data with Zoho,455ecd02-e956-c05a-0385-0e64a1613ae4,VISUALIZATION,VW_CUSTOMER_DATE_AVAILABILITY,TRANSFORMED_LAYER_TEST,snowflake
MEMBER_SAVINGS_REPORT (TRANSFORMED_LAYER.MEMBER_SAVINGS_REPORT) (VISUALIZATION),4593a2d8-2a03-7834-6446-8ba89a023e6f,VISUALIZATION,MEMBER_SAVINGS_REPORT_WITH_MIN_MAX_DATES,TRANSFORMED_LAYER,snowflake
VW_MONTHLY_CUSTOMER_COMMUNICATIONS (TRANSFORMED_LAYER.VW_MONTHLY_CUSTOMER_COMMUNICATIONS) (VISUALIZATION),46a05141-d9b1-217b-1be4-20e0353421cc,VISUALIZATION,VW_MONTHLY_CUSTOMER_COMMUNICATIONS,TRANSFORMED_LAYER,snowflake
QBR - Amazon - Primary Data Source - Data Availability  - Parameters For Custom Fields,4720baf0-781d-d4c8-e8e6-61a122b02df8,AMAZON,VW_CUSTOMER_DATE_AVAILABILITY_WITH_ROI_PERIODS,TRANSFORMED_LAYER,snowflake
QBR - Member Savings Dataset,47fdc3bc-bcf5-3c30-7402-ada006046db7,VISUALIZATION,VW_REALIZED_SAVINGS_WITH_EMPLOYEE_DATA,TRANSFORMED_LAYER,snowflake
QBR - Member Savings Dataset,47fdc3bc-bcf5-3c30-7402-ada006046db7,VISUALIZATION,VW_CUSTOMER_DATE_AVAILABILITY_WITH_ROI_PERIODS,TRANSFORMED_LAYER,snowflake
VW_DRILL_DOWN_REPORT_BASE (TRANSFORMED_LAYER.VW_DRILL_DOWN_REPORT_BASE) (DRILL_DOWN_REPORTS),489f029e-41bb-7954-9b4d-fa327ea843e0,DRILL_DOWN_REPORTS,VW_DRILL_DOWN_REPORT_BASE,TRANSFORMED_LAYER,snowflake
VW_LATEST_MEMBER_ENGAGEMENT_ACTIVITY (STAGING_LAYER.VW_LATEST_MEMBER_ENGAGEMENT_ACTIVITY) (MASTERMGMT),48aaf27a-63dc-7b6a-236b-99c9a42cb9dd,MASTERMGMT,VW_LATEST_MEMBER_ENGAGEMENT_ACTIVITY,STAGING_LAYER,snowflake
VW_LATEST_MEMBER_ENGAGEMENT_ACTIVITY (STAGING_LAYER.VW_LATEST_MEMBER_ENGAGEMENT_ACTIVITY) (MASTERMGMT),48aaf27a-63dc-7b6a-236b-99c9a42cb9dd,MASTERMGMT,VW_LATEST_MEMBER_ENGAGEMENT_METADATA,STAGING_LAYER,snowflake
QBR - Member Communication Metadata Data Set | Project : QBR Datasources,49c84705-0c79-e3e4-8f7a-b3869c8d73c2,VISUALIZATION,VW_CUSTOMER_DATE_AVAILABILITY,TRANSFORMED_LAYER,snowflake
QBR - Member Communication Metadata Data Set | Project : QBR Datasources,49c84705-0c79-e3e4-8f7a-b3869c8d73c2,VISUALIZATION,VW_MEMBER_COMMUNICATION_OPTIONS,TRANSFORMED_LAYER,snowflake
QBR - Utilization Ratios Datasource,49dd5429-562e-2fb9-b697-046384045dc7,VISUALIZATION,VW_CUSTOMER_DATE_AVAILABILITY,TRANSFORMED_LAYER,snowflake
QBR - Utilization Ratios Datasource,49dd5429-562e-2fb9-b697-046384045dc7,VISUALIZATION,VW_CUSTOMER_UTILIZER_RATIOS,TRANSFORMED_LAYER,snowflake
VW_PERFORMANCE_GUARANTEE_STATUS (TRANSFORMED_LAYER.VW_PERFORMANCE_GUARANTEE_STATUS) (AMAZON),49fc5d4b-0697-6cd5-c5e4-f6fee7ef4973,AMAZON,VW_PERFORMANCE_GUARANTEE_STATUS,TRANSFORMED_LAYER,snowflake
QBR - Member Utilization Breakdown,4b2b5bed-a87e-9fef-37ec-d1394f757e5d,VISUALIZATION,VW_CUSTOMER_DATE_AVAILABILITY,TRANSFORMED_LAYER,snowflake
QBR - Member Utilization Breakdown,4b2b5bed-a87e-9fef-37ec-d1394f757e5d,VISUALIZATION,VW_UTILIZATION_BREAKDOWN_QBR,TRANSFORMED_LAYER,snowflake
QBR - CLAIMS AND SPEND DATA SET,4b74532e-cbff-37cc-096a-46409542503b,VISUALIZATION,VW_CUSTOMER_DATE_AVAILABILITY,TRANSFORMED_LAYER,snowflake
QBR - CLAIMS AND SPEND DATA SET,4b74532e-cbff-37cc-096a-46409542503b,VISUALIZATION,VW_CLAIMS_AND_SPENDS,TRANSFORMED_LAYER,snowflake
QBR - Member Utilization Breakdown - Test,4c771899-abd6-95ff-633f-c718897e2770,VISUALIZATION,VW_CUSTOMER_DATE_AVAILABILITY,TRANSFORMED_LAYER_TEST,snowflake
QBR - Member Utilization Breakdown - Test,4c771899-abd6-95ff-633f-c718897e2770,VISUALIZATION,VW_UTILIZATION_BREAKDOWN_QBR,TRANSFORMED_LAYER_TEST,snowflake
Amazon QBR - Member Communication Metadata Dataset,4ce7d447-d32c-a1f6-a695-8288469fd372,AMAZON,VW_MEMBER_COMMUNICATION_OPTIONS,TRANSFORMED_LAYER,snowflake
Amazon QBR - Member Communication Metadata Dataset,4ce7d447-d32c-a1f6-a695-8288469fd372,AMAZON,VW_CUSTOMER_DATE_AVAILABILITY_WITH_ROI_PERIODS,TRANSFORMED_LAYER,snowflake
Campaign Marketing Datasource,4cf0ed5d-b365-a731-ea6a-c4d0d14e9f23,VISUALIZATION,CAMPAIGN_MARKETING,TRANSFORMED_LAYER,snowflake
QBR - Customer Fee Data,4ebe6d86-4d8e-9482-9b1c-173e52517639,VISUALIZATION,VW_CUSTOMER_DATE_AVAILABILITY,TRANSFORMED_LAYER,snowflake
QBR - Customer Fee Data,4ebe6d86-4d8e-9482-9b1c-173e52517639,VISUALIZATION,VW_CUSTOMER_FEES_AND_SAVINGS_FOR_ROI,TRANSFORMED_LAYER,snowflake
Custom SQL Query (MASTERMGMT),4f6b45e4-6b33-0217-dcf4-8c8d422064b2,amzn,saverx_savings_opportunity_analysis_recommendation,mastermgmt,mysql
Custom SQL Query (MASTERMGMT),4f6b45e4-6b33-0217-dcf4-8c8d422064b2,amzn,saverx_employee,mastermgmt,mysql
QBR - Amazon - Member Communication Metadata Data Set (1) (local copy),5001e6d7-24b2-669a-e613-7598dfa76be0,AMAZON,VW_CUSTOMER_DATE_AVAILABILITY_WITH_ROI_PERIODS,TRANSFORMED_LAYER_TEST,snowflake
QBR - Amazon - Member Communication Metadata Data Set (1) (local copy),5001e6d7-24b2-669a-e613-7598dfa76be0,AMAZON,VW_MEMBER_COMMUNICATION_OPTIONS,TRANSFORMED_LAYER_TEST,snowflake
QBR - Primary Data Source - Data Availability | Project : QBR Datasources,506ee928-8300-ce19-fb0c-c52506ff414e,VISUALIZATION,VW_CUSTOMER_DATE_AVAILABILITY_WITH_ROI_PERIODS,TRANSFORMED_LAYER,snowflake
QBR - Number Of Members By Number Of Opportunities - Test,5134cf82-911e-bac7-a056-08b870642743,VISUALIZATION,VW_CUSTOMER_DATE_AVAILABILITY,TRANSFORMED_LAYER_TEST,snowflake
QBR - Number Of Members By Number Of Opportunities - Test,5134cf82-911e-bac7-a056-08b870642743,VISUALIZATION,VW_NUMBER_OF_MEMBERS_AND_CLAIMS_BY_MONTH,TRANSFORMED_LAYER_TEST,snowflake
QBR - Customer Lives Datasource,543177cf-8b65-8d03-a6bd-cac90a89b1a6,VISUALIZATION,VW_CUSTOMER_DATE_AVAILABILITY,TRANSFORMED_LAYER,snowflake
QBR - Customer Lives Datasource,543177cf-8b65-8d03-a6bd-cac90a89b1a6,VISUALIZATION,VW_CUSTOMER_TOTAL_LIVES,TRANSFORMED_LAYER,snowflake
QBR - Primary Data Source - Data Availability,54bae4cc-37e6-ee2a-0729-504efea67c79,VISUALIZATION,VW_CUSTOMER_DATE_AVAILABILITY_WITH_ROI_PERIODS,TRANSFORMED_LAYER,snowflake
VW_CLAIMS_WITH_EMPLOYEE_AND_DRUG_METADATA (TRANSFORMED_LAYER.VW_CLAIMS_WITH_EMPLOYEE_AND_DRUG_METADATA) (MARKETING),55b11839-2dbc-e926-ecef-c9563ac7e1ef,MARKETING,VW_CLAIMS_WITH_EMPLOYEE_AND_DRUG_METADATA,TRANSFORMED_LAYER,snowflake
QBR - PMPM Spend Data Set,55b64ba1-8e87-8d4e-24b2-f15656fb61a0,VISUALIZATION,VW_CUSTOMER_DATE_AVAILABILITY_WITH_ROI_PERIODS,TRANSFORMED_LAYER,snowflake
QBR - PMPM Spend Data Set,55b64ba1-8e87-8d4e-24b2-f15656fb61a0,VISUALIZATION,VW_PMPM_SPEND,TRANSFORMED_LAYER,snowflake
QBR - Utilization Ratios Datasource,56ed6233-e6b8-18bf-015f-8d8b0197681c,VISUALIZATION,VW_CUSTOMER_DATE_AVAILABILITY,TRANSFORMED_LAYER,snowflake
QBR - Utilization Ratios Datasource,56ed6233-e6b8-18bf-015f-8d8b0197681c,VISUALIZATION,VW_CUSTOMER_UTILIZER_RATIOS,TRANSFORMED_LAYER,snowflake
QBR - CLAIMS AND SPEND DATA SET,5783b127-c1fd-7a17-dff0-a6a0aec8c599,VISUALIZATION,VW_CUSTOMER_DATE_AVAILABILITY,TRANSFORMED_LAYER,snowflake
QBR - CLAIMS AND SPEND DATA SET,5783b127-c1fd-7a17-dff0-a6a0aec8c599,VISUALIZATION,VW_CLAIMS_AND_SPENDS,TRANSFORMED_LAYER,snowflake
Member Opportunities for 6 quarters and best saver joined to customer data availability,57af5287-e578-ecff-f8a9-22a31b8843c6,TEMP,VW_CUSTOMER_DATE_AVAILABILITY_WITH_ROI_PERIODS_TEST_ONLY,STAGING_LAYER,snowflake
Amazon QBR - Number Of Members By Number Of Opportunities Dataset,5851422f-1309-5507-d0f8-bbfb27b8d126,AMAZON,VW_CUSTOMER_DATE_AVAILABILITY_WITH_ROI_PERIODS,TRANSFORMED_LAYER,snowflake
QBR - CLAIMS AND SPEND DATA SET,59a507a6-7ba5-e154-82b8-1653c8f546cd,VISUALIZATION,VW_CUSTOMER_DATE_AVAILABILITY,TRANSFORMED_LAYER,snowflake
QBR - CLAIMS AND SPEND DATA SET,59a507a6-7ba5-e154-82b8-1653c8f546cd,VISUALIZATION,VW_CLAIMS_AND_SPENDS,TRANSFORMED_LAYER,snowflake
QBR_CUSTOMER_ROI_PERIOD_DATA,5c3b3c24-951f-6b0f-19c6-7da12c030e04,VISUALIZATION,VW_CUSTOMER_DATE_AVAILABILITY_WITH_ROI_PERIODS,TRANSFORMED_LAYER,snowflake
QBR_CUSTOMER_ROI_PERIOD_DATA,5c3b3c24-951f-6b0f-19c6-7da12c030e04,VISUALIZATION,VW_CUSTOMER_ROI_PERIOD_DATA_WITH_LABELS,TRANSFORMED_LAYER,snowflake
Pricing Analysis Datasource,5c5113f0-63f5-f3e4-e595-1eea71f544ea,TEMP,PRICING_ANALYSIS_TEST,STAGING_LAYER,snowflake
QBR - Member Savings Opportunity Dataset - Child Company Location | Project : QBR Datasources,5c6463f2-e199-b7a2-883b-56f3326d4a62,VISUALIZATION,VW_CUSTOMER_DATE_AVAILABILITY,TRANSFORMED_LAYER,snowflake
QBR - Member Savings Opportunity Dataset - Child Company Location | Project : QBR Datasources,5c6463f2-e199-b7a2-883b-56f3326d4a62,VISUALIZATION,VW_MEMBER_OPPORTUNITIES_WITH_BEST_SAVER_IDENTIFIED_WTIH_CHILD_COMPANY_LOCATION,TRANSFORMED_LAYER,snowflake
QBR - Amazon - Primary Data Source - Data Availability  - Parameters For Custom Fields (local copy),5dffc7f1-2498-cfb3-6726-7fd3e6b22212,AMAZON,VW_CUSTOMER_DATE_AVAILABILITY_WITH_ROI_PERIODS,TRANSFORMED_LAYER,snowflake
VW_MONTHLY_ENGAGEMENT_EXTRACT (TRANSFORMED_LAYER.VW_MONTHLY_ENGAGEMENT_EXTRACT) (AMAZON),5ed4586d-c46e-7476-a9e2-81ad78f0e1af,AMAZON,KEY_EVENTS,TRANSFORMED_LAYER,snowflake
VW_MONTHLY_ENGAGEMENT_EXTRACT (TRANSFORMED_LAYER.VW_MONTHLY_ENGAGEMENT_EXTRACT) (AMAZON),5ed4586d-c46e-7476-a9e2-81ad78f0e1af,AMAZON,VW_MONTHLY_ENGAGEMENT_EXTRACT,TRANSFORMED_LAYER,snowflake
PRICING_ANALYSIS (ANALYTICS.PRICING_ANALYSIS) (BUSINESSOPERATIONS) (local copy),5f210da2-5c1c-514c-ad78-1dd547ecef19,BUSINESSOPERATIONS,PRICING_ANALYSIS,ANALYTICS,snowflake
New Utilizers Drill Down Report Datasource,5fac4d5c-99d8-41f5-810a-8eccceeaff16,DRILL_DOWN_REPORTS,VW_NEW_UTILIZERS_DRILL_DOWN,TRANSFORMED_LAYER,snowflake
Amazon QBR - Member Savings Dataset,60be4939-35c7-524d-aeac-a8939c461163,AMAZON,VW_REALIZED_SAVINGS_WITH_EMPLOYEE_DATA_AND_CUSTOM_FILTERS,TRANSFORMED_LAYER,snowflake
Amazon QBR - Member Savings Dataset,60be4939-35c7-524d-aeac-a8939c461163,AMAZON,VW_CUSTOMER_DATE_AVAILABILITY_WITH_ROI_PERIODS,TRANSFORMED_LAYER,snowflake
QBR - PMPM Spend Data Set,611e3f39-2f55-a844-f1f3-727288c17b47,VISUALIZATION,VW_CUSTOMER_DATE_AVAILABILITY_WITH_ROI_PERIODS,TRANSFORMED_LAYER,snowflake
QBR - PMPM Spend Data Set,611e3f39-2f55-a844-f1f3-727288c17b47,VISUALIZATION,VW_PMPM_SPEND,TRANSFORMED_LAYER,snowflake
SAVERX_SWITCHES (RAW_LAYER.SAVERX_SWITCHES)+ (PUBLIC),64f6fb25-97a9-b51f-4c26-a6586dcb89d2,MASTERMGMT,SAVERX_SWITCHES,RAW_LAYER,snowflake
SAVERX_SWITCHES (RAW_LAYER.SAVERX_SWITCHES)+ (PUBLIC),64f6fb25-97a9-b51f-4c26-a6586dcb89d2,MASTER,SAVERX_PBMHISTORY,RAW_LAYER,snowflake
SAVERX_SWITCHES (RAW_LAYER.SAVERX_SWITCHES)+ (PUBLIC),64f6fb25-97a9-b51f-4c26-a6586dcb89d2,MASTERMGMT,SAVERX_SWITCH_CHANGELOG,RAW_LAYER,snowflake
QBR - Member Utilization Breakdown | Project : QBR Datasources,6515ce93-c188-8a25-cb92-f49dfcf45aae,VISUALIZATION,VW_CUSTOMER_DATE_AVAILABILITY,TRANSFORMED_LAYER,snowflake
QBR - Member Utilization Breakdown | Project : QBR Datasources,6515ce93-c188-8a25-cb92-f49dfcf45aae,VISUALIZATION,VW_UTILIZATION_BREAKDOWN_QBR,TRANSFORMED_LAYER,snowflake
Amazon QBR - Login and Registration Dataset,651cc5dd-1968-3857-b781-9eece9f8715e,AMAZON,VW_CUSTOMER_DATE_AVAILABILITY_WITH_ROI_PERIODS,TRANSFORMED_LAYER,snowflake
Expected-Values-Of-Drug-A-To-Drug-B-Switches,659a4652-d044-9581-2462-32865c005094,VISUALIZATION,CLINICAL_OPPORTUNITIES_BY_DRUG_NAME,TRANSFORMED_LAYER,snowflake
Expected-Values-Of-Drug-A-To-Drug-B-Switches,659a4652-d044-9581-2462-32865c005094,VISUALIZATION,CLINICAL_ROUGH_ADOPTION_RATIOS_BY_CUSTOMER_AND_GLOBAL,TRANSFORMED_LAYER,snowflake
QBR - PMPM Spend Data Set,660f7a53-82d9-dca2-d6b5-bda61e87a3ae,VISUALIZATION,VW_CUSTOMER_DATE_AVAILABILITY_WITH_ROI_PERIODS,TRANSFORMED_LAYER,snowflake
QBR - PMPM Spend Data Set,660f7a53-82d9-dca2-d6b5-bda61e87a3ae,VISUALIZATION,VW_PMPM_SPEND,TRANSFORMED_LAYER,snowflake
QBR - Customer ROI Period Data - KPA,66f4b30b-501f-53ff-179c-85f07eb23238,VISUALIZATION,VW_CUSTOMER_DATE_AVAILABILITY_WITH_ROI_PERIODS,TRANSFORMED_LAYER,snowflake
QBR - Member Savings Dataset - KPA,6742aa2d-2da4-0c1f-daa2-9af72e0a41e0,VISUALIZATION,VW_CUSTOMER_DATE_AVAILABILITY_WITH_ROI_PERIODS,TRANSFORMED_LAYER,snowflake
QBR - Member Savings Dataset - KPA,6742aa2d-2da4-0c1f-daa2-9af72e0a41e0,VISUALIZATION,VW_REALIZED_SAVINGS_WITH_EMPLOYEE_DATA,TRANSFORMED_LAYER,snowflake
QBR - PMPM Spend Data Set - KPA,680d8738-251c-a845-ac00-7398a3a01437,VISUALIZATION,VW_CUSTOMER_DATE_AVAILABILITY_WITH_ROI_PERIODS,TRANSFORMED_LAYER,snowflake
QBR - Customer Fee Data,68e70614-5481-7ae3-dad5-100a80754cf1,VISUALIZATION,VW_CUSTOMER_DATE_AVAILABILITY,TRANSFORMED_LAYER,snowflake
QBR - Customer Fee Data,68e70614-5481-7ae3-dad5-100a80754cf1,VISUALIZATION,VW_CUSTOMER_FEES_AND_SAVINGS_FOR_ROI,TRANSFORMED_LAYER,snowflake
QBR - Pharmacy Spend Data - KPA,6906bcdd-fb29-2f48-f69e-8e87c078214a,VISUALIZATION,VW_CUSTOMER_DATE_AVAILABILITY_WITH_ROI_PERIODS,TRANSFORMED_LAYER,snowflake
QBR - Monthly Customer Communications - Test,6a05a84a-26d5-b5c0-b691-4aedd0a6650a,VISUALIZATION,VW_MONTHLY_CUSTOMER_COMMUNICATIONS,TRANSFORMED_LAYER_TEST,snowflake
QBR - Monthly Customer Communications - Test,6a05a84a-26d5-b5c0-b691-4aedd0a6650a,VISUALIZATION,VW_CUSTOMER_DATE_AVAILABILITY,TRANSFORMED_LAYER_TEST,snowflake
Amazon QBR - Monthly Customer Communications Dataset,6acc1779-fc37-6be5-5806-3654df3f7d51,AMAZON,VW_CUSTOMER_DATE_AVAILABILITY_WITH_ROI_PERIODS,TRANSFORMED_LAYER,snowflake
Amazon QBR - Monthly Customer Communications Dataset,6acc1779-fc37-6be5-5806-3654df3f7d51,AMAZON,VW_MONTHLY_CUSTOMER_COMMUNICATIONS,TRANSFORMED_LAYER,snowflake
QBR_CUSTOMER_ROI_PERIOD_DATA | Project : QBR Datasources,6b062890-1684-f544-5c25-b73feeae4d5f,VISUALIZATION,VW_CUSTOMER_DATE_AVAILABILITY_WITH_ROI_PERIODS,TRANSFORMED_LAYER,snowflake
QBR_CUSTOMER_ROI_PERIOD_DATA | Project : QBR Datasources,6b062890-1684-f544-5c25-b73feeae4d5f,VISUALIZATION,VW_CUSTOMER_ROI_PERIOD_DATA_WITH_LABELS,TRANSFORMED_LAYER,snowflake
QBR - Pharmacy Spend Data,6e6500e9-400f-056a-1e09-af49c8bca27a,VISUALIZATION,VW_CUSTOMER_DATE_AVAILABILITY_WITH_ROI_PERIODS,TRANSFORMED_LAYER,snowflake
QBR - Pharmacy Spend Data,6e6500e9-400f-056a-1e09-af49c8bca27a,VISUALIZATION,VW_PHARMACY_SPEND_AND_SAVE,TRANSFORMED_LAYER,snowflake
QBR - Member Communication Metadata Data Set - Test,6f9f4d66-b79f-6acf-14ae-6043dd819381,VISUALIZATION,VW_MEMBER_COMMUNICATION_OPTIONS,TRANSFORMED_LAYER_TEST,snowflake
QBR - Member Communication Metadata Data Set - Test,6f9f4d66-b79f-6acf-14ae-6043dd819381,VISUALIZATION,VW_CUSTOMER_DATE_AVAILABILITY,TRANSFORMED_LAYER_TEST,snowflake
Drug Opportunities,70c1ea67-b9ae-1892-f433-b7888a322d01,VISUALIZATION,CLINICAL_OPPORTUNITIES_BY_DRUG_NAME,TRANSFORMED_LAYER,snowflake
VW_PHARMACY_SPEND_AND_SAVE (TRANSFORMED_LAYER.VW_PHARMACY_SPEND_AND_SAVE) (VISUALIZATION),710263a0-0d66-d045-ddff-55481ac5f140,VISUALIZATION,VW_PHARMACY_SPEND_AND_SAVE,TRANSFORMED_LAYER,snowflake
QBR - Customer Fee Data,72dcd25d-6e43-701b-af01-c87d75f90bb9,VISUALIZATION,VW_CUSTOMER_DATE_AVAILABILITY,TRANSFORMED_LAYER,snowflake
QBR - Customer Fee Data,72dcd25d-6e43-701b-af01-c87d75f90bb9,VISUALIZATION,VW_CUSTOMER_FEES_AND_SAVINGS_FOR_ROI,TRANSFORMED_LAYER,snowflake
QBR - Utilization Ratios Datasource,73618eac-e0a9-6484-ce17-d7dc9443f84a,VISUALIZATION,VW_CUSTOMER_DATE_AVAILABILITY,TRANSFORMED_LAYER,snowflake
QBR - Utilization Ratios Datasource,73618eac-e0a9-6484-ce17-d7dc9443f84a,VISUALIZATION,VW_CUSTOMER_UTILIZER_RATIOS,TRANSFORMED_LAYER,snowflake
COMMUNICATIONS_AND_SWITCHES_UNDISTILLED (TRANSFORMED_LAYER.COMMUNICATIONS_AND_SWITCHES_UNDISTILLED) (VISUALIZATION),7517b0ce-d1e1-f597-6080-e70238b1f730,VISUALIZATION,COMMUNICATIONS_AND_SWITCHES_UNDISTILLED,TRANSFORMED_LAYER,snowflake
QBR - Amazon - Primary Data Source - Data Availability Test - Parameters For Custom Fields,756ce030-91a4-d3ee-18cc-69966548dde7,AMAZON,VW_CUSTOMER_DATE_AVAILABILITY_WITH_ROI_PERIODS,TRANSFORMED_LAYER_TEST,snowflake
QBR - CLAIMS AND SPEND DATA SET - Test,75a132e4-a3fa-f8d5-8cda-ca796040c5de,VISUALIZATION,VW_CLAIMS_AND_SPENDS,TRANSFORMED_LAYER_TEST,snowflake
QBR - CLAIMS AND SPEND DATA SET - Test,75a132e4-a3fa-f8d5-8cda-ca796040c5de,VISUALIZATION,VW_CUSTOMER_DATE_AVAILABILITY,TRANSFORMED_LAYER_TEST,snowflake
QBR - Member Savings Opportunity Dataset - Child Company Location | Project : QBR Datasources,75b7eb70-c81e-0585-f54a-865409c5576e,VISUALIZATION,VW_CUSTOMER_DATE_AVAILABILITY,TRANSFORMED_LAYER,snowflake
QBR - Member Savings Opportunity Dataset - Child Company Location | Project : QBR Datasources,75b7eb70-c81e-0585-f54a-865409c5576e,VISUALIZATION,VW_MEMBER_OPPORTUNITIES_WITH_BEST_SAVER_IDENTIFIED_WTIH_CHILD_COMPANY_LOCATION,TRANSFORMED_LAYER,snowflake
QBR - Member Opportunity Savings Dataset - Test,77cb754f-7732-6166-20e9-a2635fea7277,VISUALIZATION,VW_CUSTOMER_DATE_AVAILABILITY,TRANSFORMED_LAYER_TEST,snowflake
QBR - Member Opportunity Savings Dataset - Test,77cb754f-7732-6166-20e9-a2635fea7277,VISUALIZATION,VW_MEMBER_OPPORTUNITIES_WITH_BEST_SAVER_IDENTIFIED,TRANSFORMED_LAYER_TEST,snowflake
Custom SQL Query (PUBLIC),786b52b8-3004-788e-83d9-b6fdf27dffb5,mastermgmt,dict_ignore_reason,RAW_LAYER,snowflake
Custom SQL Query (PUBLIC),786b52b8-3004-788e-83d9-b6fdf27dffb5,public,saverx_switches,RAW_LAYER,snowflake
Custom SQL Query (PUBLIC),786b52b8-3004-788e-83d9-b6fdf27dffb5,mastermgmt,dict_strategy,RAW_LAYER,snowflake
Custom SQL Query (PUBLIC),786b52b8-3004-788e-83d9-b6fdf27dffb5,public,saverx_totallives,RAW_LAYER,snowflake
Custom SQL Query (PUBLIC),786b52b8-3004-788e-83d9-b6fdf27dffb5,public,saverx_switch_changelog,RAW_LAYER,snowflake
QBR - Customer Fee Data,78ffc591-b0b7-a7a7-4b69-fc63a63063b7,VISUALIZATION,VW_CUSTOMER_DATE_AVAILABILITY,TRANSFORMED_LAYER,snowflake
QBR - Customer Fee Data,78ffc591-b0b7-a7a7-4b69-fc63a63063b7,VISUALIZATION,VW_CUSTOMER_FEES_AND_SAVINGS_FOR_ROI,TRANSFORMED_LAYER,snowflake
QBR - Pharmacy Spend Data,7943b37d-3488-3ff4-0a5f-374b9019aebc,VISUALIZATION,VW_CUSTOMER_DATE_AVAILABILITY_WITH_ROI_PERIODS,TRANSFORMED_LAYER,snowflake
QBR - Pharmacy Spend Data,7943b37d-3488-3ff4-0a5f-374b9019aebc,VISUALIZATION,VW_PHARMACY_SPEND_AND_SAVE,TRANSFORMED_LAYER,snowflake
Member Savings Extract For Testing Only,7a4fa02d-c765-3fdb-8ac8-78256839d581,AMAZON,VW_REALIZED_SAVINGS_WITH_EMPLOYEE_DATA_AND_CUSTOM_FILTERS,TRANSFORMED_LAYER,snowflake
Member Savings Extract For Testing Only,7a4fa02d-c765-3fdb-8ac8-78256839d581,AMAZON,VW_CUSTOMER_DATE_AVAILABILITY_WITH_ROI_PERIODS,TRANSFORMED_LAYER,snowflake
VW_CUSTOMER_FEES_AND_SAVINGS_FOR_ROI (TRANSFORMED_LAYER.VW_CUSTOMER_FEES_AND_SAVINGS_FOR_ROI) (AMAZON),7a74de30-559e-bd5d-8c80-5429ac6a01fe,AMAZON,VW_CUSTOMER_FEES_AND_SAVINGS_FOR_ROI,TRANSFORMED_LAYER,snowflake
VW_CUSTOMER_FEES_AND_SAVINGS_FOR_ROI (TRANSFORMED_LAYER.VW_CUSTOMER_FEES_AND_SAVINGS_FOR_ROI) (AMAZON),7a74de30-559e-bd5d-8c80-5429ac6a01fe,AMAZON,TEMP_CUSTOMER_MONTHLY_FEES,TRANSFORMED_LAYER,snowflake
QBR - Monthly Customer Communications,7b0717d7-4da5-ec3c-0d6d-dd2f0588e702,VISUALIZATION,VW_CUSTOMER_DATE_AVAILABILITY,TRANSFORMED_LAYER,snowflake
QBR - Monthly Customer Communications,7b0717d7-4da5-ec3c-0d6d-dd2f0588e702,VISUALIZATION,VW_MONTHLY_CUSTOMER_COMMUNICATIONS,TRANSFORMED_LAYER,snowflake
QBR - Member Opportunity Savings Dataset,7b1e0592-2bab-ab83-b328-49795afc3a8d,VISUALIZATION,VW_CUSTOMER_DATE_AVAILABILITY,TRANSFORMED_LAYER,snowflake
QBR - Member Opportunity Savings Dataset,7b1e0592-2bab-ab83-b328-49795afc3a8d,VISUALIZATION,VW_MEMBER_OPPORTUNITIES_WITH_BEST_SAVER_IDENTIFIED,TRANSFORMED_LAYER,snowflake
QBR_CUSTOMER_ROI_PERIOD_DATA | Project : QBR Datasources,7b604fbc-b1ef-dfb4-f507-f44898310048,VISUALIZATION,VW_CUSTOMER_DATE_AVAILABILITY_WITH_ROI_PERIODS,TRANSFORMED_LAYER,snowflake
QBR_CUSTOMER_ROI_PERIOD_DATA | Project : QBR Datasources,7b604fbc-b1ef-dfb4-f507-f44898310048,VISUALIZATION,VW_CUSTOMER_ROI_PERIOD_DATA_WITH_LABELS,TRANSFORMED_LAYER,snowflake
QBR - Pharmacy Spend Data | Project : QBR Datasources,7bea34c3-2c81-6000-cbb6-f44709fddbcd,VISUALIZATION,VW_CUSTOMER_DATE_AVAILABILITY_WITH_ROI_PERIODS,TRANSFORMED_LAYER,snowflake
QBR - Pharmacy Spend Data | Project : QBR Datasources,7bea34c3-2c81-6000-cbb6-f44709fddbcd,VISUALIZATION,VW_PHARMACY_SPEND_AND_SAVE,TRANSFORMED_LAYER,snowflake
Amazon QBR - PMPM Spend Dataset,7c0a2ffe-5c81-a4c6-690a-35cc032a0aa0,AMAZON,VW_PMPM_SPEND,TRANSFORMED_LAYER,snowflake
Amazon QBR - PMPM Spend Dataset,7c0a2ffe-5c81-a4c6-690a-35cc032a0aa0,AMAZON,VW_CUSTOMER_DATE_AVAILABILITY_WITH_ROI_PERIODS,TRANSFORMED_LAYER,snowflake
QBR - Monthly Customer Communications,7cd5372c-47b2-688f-2bf8-bb2a74094d7f,VISUALIZATION,VW_CUSTOMER_DATE_AVAILABILITY,TRANSFORMED_LAYER,snowflake
QBR - Monthly Customer Communications,7cd5372c-47b2-688f-2bf8-bb2a74094d7f,VISUALIZATION,VW_MONTHLY_CUSTOMER_COMMUNICATIONS,TRANSFORMED_LAYER,snowflake
Amazon QBR - Claims and Spend Dataset with Location,7da4c356-b3f6-7e4c-65a0-417577625e53,AMAZON,VW_CUSTOMER_DATE_AVAILABILITY_WITH_ROI_PERIODS,TRANSFORMED_LAYER,snowflake
Amazon QBR - Claims and Spend Dataset with Location,7da4c356-b3f6-7e4c-65a0-417577625e53,AMAZON,VW_CLAIMS_AND_SPENDS,TRANSFORMED_LAYER,snowflake
Amazon QBR - Member Communication Metadata Dataset with Location,7db73f53-539b-6e2c-f907-7bf3af546500,AMAZON,VW_MEMBER_COMMUNICATION_OPTIONS,TRANSFORMED_LAYER,snowflake
Amazon QBR - Member Communication Metadata Dataset with Location,7db73f53-539b-6e2c-f907-7bf3af546500,AMAZON,VW_CUSTOMER_DATE_AVAILABILITY_WITH_ROI_PERIODS,TRANSFORMED_LAYER,snowflake
QBR - Member Opportunity Savings Dataset,801721f5-6414-d2d4-a49e-7c61461b0561,VISUALIZATION,VW_CUSTOMER_DATE_AVAILABILITY,TRANSFORMED_LAYER,snowflake
QBR - Member Opportunity Savings Dataset,801721f5-6414-d2d4-a49e-7c61461b0561,VISUALIZATION,VW_MEMBER_OPPORTUNITIES_WITH_BEST_SAVER_IDENTIFIED,TRANSFORMED_LAYER,snowflake
Amazon QBR - Member Communication Metadata Dataset,80afddd6-1012-ba3d-e082-30fcc8e65d30,AMAZON,VW_MEMBER_COMMUNICATION_OPTIONS,TRANSFORMED_LAYER,snowflake
Amazon QBR - Member Communication Metadata Dataset,80afddd6-1012-ba3d-e082-30fcc8e65d30,AMAZON,VW_CUSTOMER_DATE_AVAILABILITY_WITH_ROI_PERIODS,TRANSFORMED_LAYER,snowflake
SAVERX_PBMHISTORY (RAW_LAYER.SAVERX_PBMHISTORY)+ (PUBLIC),827b034e-8f24-c036-4124-648346d72916,PUBLIC,CLINICAL_DRUGS_OF_INTEREST,RAW_LAYER,snowflake
SAVERX_PBMHISTORY (RAW_LAYER.SAVERX_PBMHISTORY)+ (PUBLIC),827b034e-8f24-c036-4124-648346d72916,MASTER,SAVERX_PBMHISTORY,RAW_LAYER,snowflake
QBR - Customer Fee Data,82d87026-2398-ef35-2a10-32e4e779491a,VISUALIZATION,VW_CUSTOMER_DATE_AVAILABILITY,TRANSFORMED_LAYER,snowflake
QBR - Customer Fee Data,82d87026-2398-ef35-2a10-32e4e779491a,VISUALIZATION,VW_CUSTOMER_FEES_AND_SAVINGS_FOR_ROI,TRANSFORMED_LAYER,snowflake
Amazon QBR - Monthly Customer Communications Dataset,83a8d1c9-e9aa-82b9-e1f8-54b73eaba71a,AMAZON,VW_CUSTOMER_DATE_AVAILABILITY_WITH_ROI_PERIODS,TRANSFORMED_LAYER,snowflake
Amazon QBR - Monthly Customer Communications Dataset,83a8d1c9-e9aa-82b9-e1f8-54b73eaba71a,AMAZON,VW_MONTHLY_CUSTOMER_COMMUNICATIONS,TRANSFORMED_LAYER,snowflake
QBR - Monthly Customer Communications | Project : QBR Datasources,83d5370d-6b4d-0fea-448d-42fc6f222aa7,VISUALIZATION,VW_CUSTOMER_DATE_AVAILABILITY,TRANSFORMED_LAYER,snowflake
QBR - Monthly Customer Communications | Project : QBR Datasources,83d5370d-6b4d-0fea-448d-42fc6f222aa7,VISUALIZATION,VW_MONTHLY_CUSTOMER_COMMUNICATIONS,TRANSFORMED_LAYER,snowflake
QBR - Customer Fee Data,841a3bba-370a-5dea-3989-dbb462577888,VISUALIZATION,VW_CUSTOMER_DATE_AVAILABILITY,TRANSFORMED_LAYER,snowflake
QBR - Customer Fee Data,841a3bba-370a-5dea-3989-dbb462577888,VISUALIZATION,VW_CUSTOMER_FEES_AND_SAVINGS_FOR_ROI,TRANSFORMED_LAYER,snowflake
QBR - Member Opportunity Savings Dataset,8423b803-b813-d85a-f586-3cc5900127b5,VISUALIZATION,VW_CUSTOMER_DATE_AVAILABILITY,TRANSFORMED_LAYER,snowflake
QBR - Member Opportunity Savings Dataset,8423b803-b813-d85a-f586-3cc5900127b5,VISUALIZATION,VW_MEMBER_OPPORTUNITIES_WITH_BEST_SAVER_IDENTIFIED,TRANSFORMED_LAYER,snowflake
MEMBER_SAVINGS_DRILL_DOWN_REPORT_REDACTED (TRANSFORMED_LAYER.MEMBER_SAVINGS_DRILL_DOWN_REPORT_REDACTED) (DRILL_DOWN_REPORTS),84a95bd9-ac89-63a4-9076-d2dbee08dc59,DRILL_DOWN_REPORTS,MEMBER_SAVINGS_DRILL_DOWN_REPORT_REDACTED,TRANSFORMED_LAYER,snowflake
QBR - Customer Lives Datasource - Test,84c45d75-7fe3-4fd0-d6a9-92c3386ec46e,VISUALIZATION,VW_CUSTOMER_DATE_AVAILABILITY,TRANSFORMED_LAYER_TEST,snowflake
QBR - Customer Lives Datasource - Test,84c45d75-7fe3-4fd0-d6a9-92c3386ec46e,VISUALIZATION,VW_CUSTOMER_TOTAL_LIVES,TRANSFORMED_LAYER_TEST,snowflake
VW_CUSTOMER_ROI_PERIOD_DATA (TRANSFORMED_LAYER.VW_CUSTOMER_ROI_PERIOD_DATA) (VISUALIZATION),869789d0-4fe1-3164-5b07-b5a32233e781,VISUALIZATION,VW_CUSTOMER_ROI_PERIOD_DATA,TRANSFORMED_LAYER,snowflake
QBR - Member Utilization Breakdown,86f187ec-7876-c5ed-2a3e-a5c5bd0dab27,VISUALIZATION,VW_CUSTOMER_DATE_AVAILABILITY,TRANSFORMED_LAYER,snowflake
QBR - Member Utilization Breakdown,86f187ec-7876-c5ed-2a3e-a5c5bd0dab27,VISUALIZATION,VW_UTILIZATION_BREAKDOWN_QBR,TRANSFORMED_LAYER,snowflake
VW_CUSTOMER_FEATURE_DATASET (TRANSFORMED_LAYER.VW_CUSTOMER_FEATURE_DATASET) (BOOK_OF_BUSINESS),88d033e0-9c6c-0bed-7b0f-efc72b5c955e,BOOK_OF_BUSINESS,VW_CUSTOMER_FEATURE_DATASET,TRANSFORMED_LAYER,snowflake
QBR - Login and Registration Data,89ba59b0-a156-a469-a1de-87e7d66bb30b,VISUALIZATION,VW_CUSTOMER_DATE_AVAILABILITY,TRANSFORMED_LAYER,snowflake
QBR - Login and Registration Data,89ba59b0-a156-a469-a1de-87e7d66bb30b,VISUALIZATION,VW_MONTHLY_LOGIN_AND_REGISTRATION_DATA,TRANSFORMED_LAYER,snowflake
QBR - ROI Period Datasource - Test,89fbbb5a-0040-2497-7a14-d1211afb2def,VISUALIZATION,VW_CUSTOMER_DATE_AVAILABILITY,TRANSFORMED_LAYER_TEST,snowflake
QBR - ROI Period Datasource - Test,89fbbb5a-0040-2497-7a14-d1211afb2def,VISUALIZATION,VW_CUSTOMER_ROI_PERIOD_DATA,TRANSFORMED_LAYER_TEST,snowflake
VW_DAILY_CUSTOMER_LOGINS_AND_REGISTRATIONS (TRANSFORMED_LAYER.VW_DAILY_CUSTOMER_LOGINS_AND_REGISTRATIONS) (DRILL_DOWN_REPORTS),8abed501-b943-94c3-3d26-66eabc891ccb,DRILL_DOWN_REPORTS,VW_DAILY_CUSTOMER_LOGINS_AND_REGISTRATIONS,TRANSFORMED_LAYER,snowflake
Campaign Marketing Active Members DataSource,8d41cd50-e9cc-292f-51ae-0c1d777c35ae,VISUALIZATION,CAMPAIGN_MARKETING_ACTIVE_MEMBERS,TRANSFORMED_LAYER,snowflake
QBR - Login and Registration Data,8dba3874-4f9e-c0bb-6b88-4a0fe02fd0a5,VISUALIZATION,VW_CUSTOMER_DATE_AVAILABILITY,TRANSFORMED_LAYER,snowflake
QBR - Login and Registration Data,8dba3874-4f9e-c0bb-6b88-4a0fe02fd0a5,VISUALIZATION,VW_MONTHLY_LOGIN_AND_REGISTRATION_DATA,TRANSFORMED_LAYER,snowflake
VW_DRILL_DOWN_REPORT_BASE (TRANSFORMED_LAYER.VW_DRILL_DOWN_REPORT_BASE) (DRILL_DOWN_REPORTS) (2),8ecb0d0b-1dfc-af66-4e6b-a846b507e837,DRILL_DOWN_REPORTS,VW_DRILL_DOWN_REPORT_BASE,TRANSFORMED_LAYER,snowflake
QBR - Member Communication Metadata Data Set,8f9dc88a-7ed1-549f-dec6-ea109f368645,VISUALIZATION,VW_CUSTOMER_DATE_AVAILABILITY,TRANSFORMED_LAYER,snowflake
QBR - Member Communication Metadata Data Set,8f9dc88a-7ed1-549f-dec6-ea109f368645,VISUALIZATION,VW_MEMBER_COMMUNICATION_OPTIONS,TRANSFORMED_LAYER,snowflake
QBR - Member Communication Metadata Data Set,8fac3022-71f1-4681-d7e7-96011f976590,VISUALIZATION,VW_CUSTOMER_DATE_AVAILABILITY,TRANSFORMED_LAYER,snowflake
QBR - Member Communication Metadata Data Set,8fac3022-71f1-4681-d7e7-96011f976590,VISUALIZATION,VW_MEMBER_COMMUNICATION_OPTIONS,TRANSFORMED_LAYER,snowflake
QBR - Number Of Members By Number Of Opportunities - Test,9211b71f-988b-97b0-43f7-71cc9044efc9,VISUALIZATION,VW_CUSTOMER_DATE_AVAILABILITY,TRANSFORMED_LAYER_TEST,snowflake
QBR - Number Of Members By Number Of Opportunities - Test,9211b71f-988b-97b0-43f7-71cc9044efc9,VISUALIZATION,VW_NUMBER_OF_MEMBERS_AND_CLAIMS_BY_MONTH,TRANSFORMED_LAYER_TEST,snowflake
QBR - Amazon - Member Communication Metadata Data Set (1) (local copy),92dbdb16-266a-3ae9-7d1a-79d7080caf99,AMAZON,VW_CUSTOMER_DATE_AVAILABILITY_WITH_ROI_PERIODS,TRANSFORMED_LAYER_TEST,snowflake
QBR - Amazon - Member Communication Metadata Data Set (1) (local copy),92dbdb16-266a-3ae9-7d1a-79d7080caf99,AMAZON,VW_MEMBER_COMMUNICATION_OPTIONS,TRANSFORMED_LAYER_TEST,snowflake
QBR - Member Opportunity Savings Dataset,9557919a-89fc-c036-1b9b-7fb50b731447,VISUALIZATION,VW_CUSTOMER_DATE_AVAILABILITY,TRANSFORMED_LAYER,snowflake
QBR - Member Opportunity Savings Dataset,9557919a-89fc-c036-1b9b-7fb50b731447,VISUALIZATION,VW_MEMBER_OPPORTUNITIES_WITH_BEST_SAVER_IDENTIFIED,TRANSFORMED_LAYER,snowflake
Lagging-Claims-Realized-Savings-Dataset,95f200bf-c643-3fc6-8b69-9b049f7637f3,TEMP,VW_CUSTOMER_DATE_AVAILABILITY_WITH_ROI_PERIODS,STAGING_LAYER,snowflake
Lagging-Claims-Realized-Savings-Dataset,95f200bf-c643-3fc6-8b69-9b049f7637f3,TEMP,VW_REALIZED_SAVINGS_WITH_EMPLOYEE_DATA_FOR_LAGGED_CLAIMS,STAGING_LAYER,snowflake
QBR - Amazon - Monthly Customer Communications (1) (local copy),9703560c-b760-72d7-b8a8-ae906d1fa6ce,AMAZON,VW_CUSTOMER_DATE_AVAILABILITY_WITH_ROI_PERIODS,TRANSFORMED_LAYER_TEST,snowflake
QBR - Amazon - Monthly Customer Communications (1) (local copy),9703560c-b760-72d7-b8a8-ae906d1fa6ce,AMAZON,VW_MONTHLY_CUSTOMER_COMMUNICATIONS,TRANSFORMED_LAYER_TEST,snowflake
QBR - Monthly Customer Communications,9792c969-72cf-387a-dad6-049c06189142,VISUALIZATION,VW_CUSTOMER_DATE_AVAILABILITY,TRANSFORMED_LAYER,snowflake
QBR - Monthly Customer Communications,9792c969-72cf-387a-dad6-049c06189142,VISUALIZATION,VW_MONTHLY_CUSTOMER_COMMUNICATIONS,TRANSFORMED_LAYER,snowflake
VW_REALIZED_SAVINGS_WITH_EMPLOYEE_DATA (TRANSFORMED_LAYER.VW_REALIZED_SAVINGS_WITH_EMPLOYEE_DATA) (VISUALIZATION),984645fb-8929-858c-3b38-465e3c709248,VISUALIZATION,VW_REALIZED_SAVINGS_WITH_EMPLOYEE_DATA,TRANSFORMED_LAYER,snowflake
QBR - Member Opportunity Savings Dataset,985a9f15-ab1e-a077-181d-107376e68b9b,VISUALIZATION,VW_CUSTOMER_DATE_AVAILABILITY,TRANSFORMED_LAYER,snowflake
QBR - Member Opportunity Savings Dataset,985a9f15-ab1e-a077-181d-107376e68b9b,VISUALIZATION,VW_MEMBER_OPPORTUNITIES_WITH_BEST_SAVER_IDENTIFIED,TRANSFORMED_LAYER,snowflake
QBR - Customer Fee Data,9864552d-35d2-9b36-95c1-7bd2cf75552f,VISUALIZATION,VW_CUSTOMER_DATE_AVAILABILITY,TRANSFORMED_LAYER,snowflake
QBR - Customer Fee Data,9864552d-35d2-9b36-95c1-7bd2cf75552f,VISUALIZATION,VW_CUSTOMER_FEES_AND_SAVINGS_FOR_ROI,TRANSFORMED_LAYER,snowflake
QBR - Number Of Members By Number Of Opportunities,9b2b4b77-fa5c-6fe9-9c87-65d2f5f0b90e,VISUALIZATION,VW_CUSTOMER_DATE_AVAILABILITY,TRANSFORMED_LAYER,snowflake
QBR - Number Of Members By Number Of Opportunities,9b2b4b77-fa5c-6fe9-9c87-65d2f5f0b90e,VISUALIZATION,VW_NUMBER_OF_MEMBERS_AND_CLAIMS_BY_MONTH,TRANSFORMED_LAYER,snowflake
PRICING_ANALYSIS (ANALYTICS.PRICING_ANALYSIS) (BUSINESSOPERATIONS),9ce2496e-8abd-7fca-f044-c64ec331ae5d,BUSINESSOPERATIONS,PRICING_ANALYSIS,ANALYTICS,snowflake
QBR - Monthly Customer Communications - Test,9f2d5853-5bfb-4f82-0aec-baf4b58e94a4,VISUALIZATION,VW_MONTHLY_CUSTOMER_COMMUNICATIONS,TRANSFORMED_LAYER_TEST,snowflake
QBR - Monthly Customer Communications - Test,9f2d5853-5bfb-4f82-0aec-baf4b58e94a4,VISUALIZATION,VW_CUSTOMER_DATE_AVAILABILITY,TRANSFORMED_LAYER_TEST,snowflake
QBR - Member Savings Opportunity Dataset - Child Company Location | Project : QBR Datasources,a0eadfb9-9ec7-ace3-f6db-bf3823caa429,VISUALIZATION,VW_CUSTOMER_DATE_AVAILABILITY,TRANSFORMED_LAYER,snowflake
QBR - Member Savings Opportunity Dataset - Child Company Location | Project : QBR Datasources,a0eadfb9-9ec7-ace3-f6db-bf3823caa429,VISUALIZATION,VW_MEMBER_OPPORTUNITIES_WITH_BEST_SAVER_IDENTIFIED_WTIH_CHILD_COMPANY_LOCATION,TRANSFORMED_LAYER,snowflake
QBR - Member Communication Metadata Data Set - Test,a0fb17ac-a41f-3cc7-a488-10a4330d9a49,VISUALIZATION,VW_MEMBER_COMMUNICATION_OPTIONS,TRANSFORMED_LAYER_TEST,snowflake
QBR - Member Communication Metadata Data Set - Test,a0fb17ac-a41f-3cc7-a488-10a4330d9a49,VISUALIZATION,VW_CUSTOMER_DATE_AVAILABILITY,TRANSFORMED_LAYER_TEST,snowflake
Amazon QBR - Member Savings Dataset,a1a78c95-04cc-811e-d3fe-8fdc957e4a66,AMAZON,VW_REALIZED_SAVINGS_WITH_EMPLOYEE_DATA_AND_CUSTOM_FILTERS,TRANSFORMED_LAYER,snowflake
Amazon QBR - Member Savings Dataset,a1a78c95-04cc-811e-d3fe-8fdc957e4a66,AMAZON,VW_CUSTOMER_DATE_AVAILABILITY_WITH_ROI_PERIODS,TRANSFORMED_LAYER,snowflake
QBR - Pharmacy Spend Data,a22ec42b-2080-484c-9746-1d5da3789e11,VISUALIZATION,VW_CUSTOMER_DATE_AVAILABILITY_WITH_ROI_PERIODS,TRANSFORMED_LAYER,snowflake
QBR - Pharmacy Spend Data,a22ec42b-2080-484c-9746-1d5da3789e11,VISUALIZATION,VW_PHARMACY_SPEND_AND_SAVE,TRANSFORMED_LAYER,snowflake
QBR - Login and Registration Data,a231c1c9-156f-7ec2-42af-21682172c3bc,VISUALIZATION,VW_CUSTOMER_DATE_AVAILABILITY,TRANSFORMED_LAYER,snowflake
QBR - Login and Registration Data,a231c1c9-156f-7ec2-42af-21682172c3bc,VISUALIZATION,VW_MONTHLY_LOGIN_AND_REGISTRATION_DATA,TRANSFORMED_LAYER,snowflake
QBR - ROI Period Datasource,a3739723-70e3-d5f5-e134-f7bef51f5fce,VISUALIZATION,VW_CUSTOMER_DATE_AVAILABILITY,TRANSFORMED_LAYER,snowflake
QBR - ROI Period Datasource,a3739723-70e3-d5f5-e134-f7bef51f5fce,VISUALIZATION,VW_CUSTOMER_ROI_PERIOD_DATA,TRANSFORMED_LAYER,snowflake
QBR - Member Savings Dataset,a390648a-a001-de38-e1ff-8e5a126035b4,VISUALIZATION,VW_REALIZED_SAVINGS_WITH_EMPLOYEE_DATA,TRANSFORMED_LAYER,snowflake
QBR - Member Savings Dataset,a390648a-a001-de38-e1ff-8e5a126035b4,VISUALIZATION,VW_CUSTOMER_DATE_AVAILABILITY_WITH_ROI_PERIODS,TRANSFORMED_LAYER,snowflake
QBR - Member Opportunity Savings Dataset,a4570b15-e781-39f0-b64d-64c1f2722486,VISUALIZATION,VW_CUSTOMER_DATE_AVAILABILITY,TRANSFORMED_LAYER,snowflake
QBR - Member Opportunity Savings Dataset,a4570b15-e781-39f0-b64d-64c1f2722486,VISUALIZATION,VW_MEMBER_OPPORTUNITIES_WITH_BEST_SAVER_IDENTIFIED,TRANSFORMED_LAYER,snowflake
Member Savings Report For HCBB Customers Datasource,a640549b-0e5c-c3e5-5f22-3ec4e42cdab6,DRILL_DOWN_REPORTS,MEMBER_SAVINGS_REPORT_WITH_MIN_MAX_DATES_FOR_HCBB,TRANSFORMED_LAYER,snowflake
QBR - Member Communication Metadata Data Set,a69943af-8329-47b4-82ad-3451e67576d1,VISUALIZATION,VW_CUSTOMER_DATE_AVAILABILITY,TRANSFORMED_LAYER,snowflake
QBR - Member Communication Metadata Data Set,a69943af-8329-47b4-82ad-3451e67576d1,VISUALIZATION,VW_MEMBER_COMMUNICATION_OPTIONS,TRANSFORMED_LAYER,snowflake
QBR - Member Utilization Breakdown,a71670e8-663e-1dc1-4c5f-3bd1061c5df0,VISUALIZATION,VW_CUSTOMER_DATE_AVAILABILITY,TRANSFORMED_LAYER,snowflake
QBR - Member Utilization Breakdown,a71670e8-663e-1dc1-4c5f-3bd1061c5df0,VISUALIZATION,VW_UTILIZATION_BREAKDOWN_QBR,TRANSFORMED_LAYER,snowflake
QBR - Amazon - Member Utilization Breakdown (2) (local copy),a85acd52-ffe0-be71-65b2-5a02eb91037a,AMAZON,VW_CUSTOMER_DATE_AVAILABILITY_WITH_ROI_PERIODS,TRANSFORMED_LAYER_TEST,snowflake
QBR - Pharmacy Spend Data,aa541027-2808-7dca-9fae-b176c9d79d50,VISUALIZATION,VW_CUSTOMER_DATE_AVAILABILITY_WITH_ROI_PERIODS,TRANSFORMED_LAYER,snowflake
QBR - Pharmacy Spend Data,aa541027-2808-7dca-9fae-b176c9d79d50,VISUALIZATION,VW_PHARMACY_SPEND_AND_SAVE,TRANSFORMED_LAYER,snowflake
QBR - Number Of Members By Number Of Opportunities - Test,abff8c10-63b1-200e-ee73-42794148b3fa,VISUALIZATION,VW_CUSTOMER_DATE_AVAILABILITY,TRANSFORMED_LAYER_TEST,snowflake
QBR - Number Of Members By Number Of Opportunities - Test,abff8c10-63b1-200e-ee73-42794148b3fa,VISUALIZATION,VW_NUMBER_OF_MEMBERS_AND_CLAIMS_BY_MONTH,TRANSFORMED_LAYER_TEST,snowflake
QBR - CLAIMS AND SPEND DATA SET,ad6e1068-19db-05f7-c172-b94bb4878614,VISUALIZATION,VW_CUSTOMER_DATE_AVAILABILITY,TRANSFORMED_LAYER,snowflake
QBR - CLAIMS AND SPEND DATA SET,ad6e1068-19db-05f7-c172-b94bb4878614,VISUALIZATION,VW_CLAIMS_AND_SPENDS,TRANSFORMED_LAYER,snowflake
Lagging-Claims-Realized-Savings-Dataset,aef1a904-a32c-f0c2-a532-b3e37cf4a515,TEMP,VW_CUSTOMER_DATE_AVAILABILITY_WITH_ROI_PERIODS,STAGING_LAYER,snowflake
Lagging-Claims-Realized-Savings-Dataset,aef1a904-a32c-f0c2-a532-b3e37cf4a515,TEMP,VW_REALIZED_SAVINGS_WITH_EMPLOYEE_DATA_FOR_LAGGED_CLAIMS,STAGING_LAYER,snowflake
QBR - Utilization Ratios Datasource,afbb16a7-84c2-3e18-0705-b0bbef190305,VISUALIZATION,VW_CUSTOMER_DATE_AVAILABILITY,TRANSFORMED_LAYER,snowflake
QBR - Utilization Ratios Datasource,afbb16a7-84c2-3e18-0705-b0bbef190305,VISUALIZATION,VW_CUSTOMER_UTILIZER_RATIOS,TRANSFORMED_LAYER,snowflake
QBR - Amazon - Member Opportunity Savings Dataset - Test,b1944953-5eff-bbb9-c79e-dc9493660afd,AMAZON,VW_CUSTOMER_DATE_AVAILABILITY_WITH_ROI_PERIODS,TRANSFORMED_LAYER_TEST,snowflake
QBR - Amazon - Member Opportunity Savings Dataset - Test,b1944953-5eff-bbb9-c79e-dc9493660afd,AMAZON,VW_MEMBER_OPPORTUNITIES_WITH_BEST_SAVER_IDENTIFIED,TRANSFORMED_LAYER_TEST,snowflake
QBR - Pharmacy Spend Data,b19f5bfb-2f52-a53a-1f0d-72fd582de0c7,VISUALIZATION,VW_CUSTOMER_DATE_AVAILABILITY_WITH_ROI_PERIODS,TRANSFORMED_LAYER,snowflake
QBR - Pharmacy Spend Data,b19f5bfb-2f52-a53a-1f0d-72fd582de0c7,VISUALIZATION,VW_PHARMACY_SPEND_AND_SAVE,TRANSFORMED_LAYER,snowflake
QBR_CUSTOMER_ROI_PERIOD_DATA | Project : QBR Datasources,b2b49427-c5e7-c4ac-a61d-c159ffebf62e,VISUALIZATION,VW_CUSTOMER_DATE_AVAILABILITY_WITH_ROI_PERIODS,TRANSFORMED_LAYER,snowflake
QBR_CUSTOMER_ROI_PERIOD_DATA | Project : QBR Datasources,b2b49427-c5e7-c4ac-a61d-c159ffebf62e,VISUALIZATION,VW_CUSTOMER_ROI_PERIOD_DATA_WITH_LABELS,TRANSFORMED_LAYER,snowflake
Campaign Marketing Active Members DataSource | Project : Campaign Marketing,b338f3be-abea-ca05-3051-3127e688c1db,VISUALIZATION,CAMPAIGN_MARKETING_ACTIVE_MEMBERS,TRANSFORMED_LAYER,snowflake
QBR - Member Savings Dataset,b3bba640-6c28-cd64-d51d-c6c7772852d1,VISUALIZATION,VW_REALIZED_SAVINGS_WITH_EMPLOYEE_DATA,TRANSFORMED_LAYER,snowflake
QBR - Member Savings Dataset,b3bba640-6c28-cd64-d51d-c6c7772852d1,VISUALIZATION,VW_CUSTOMER_DATE_AVAILABILITY_WITH_ROI_PERIODS,TRANSFORMED_LAYER,snowflake
VW_REALIZED_SAVINGS_WITH_EMPLOYEE_DATA (TRANSFORMED_LAYER.VW_REALIZED_SAVINGS_WITH_EMPLOYEE_DATA) (VISUALIZATION),b3f715a1-b8d7-e53d-5912-2c7f6535a5f8,VISUALIZATION,VW_REALIZED_SAVINGS_WITH_EMPLOYEE_DATA,TRANSFORMED_LAYER,snowflake
Amazon QBR - Pharmacy Spend Dataset,b42747f1-b732-bb60-8342-ed9431383f9e,AMAZON,VW_PHARMACY_SPEND_AND_SAVE,TRANSFORMED_LAYER,snowflake
Amazon QBR - Pharmacy Spend Dataset,b42747f1-b732-bb60-8342-ed9431383f9e,AMAZON,VW_CUSTOMER_DATE_AVAILABILITY_WITH_ROI_PERIODS,TRANSFORMED_LAYER,snowflake
QBR - Monthly Customer Communications,b7db233b-fc3a-6c61-180d-92832d6cf0d5,VISUALIZATION,VW_CUSTOMER_DATE_AVAILABILITY,TRANSFORMED_LAYER,snowflake
QBR - Monthly Customer Communications,b7db233b-fc3a-6c61-180d-92832d6cf0d5,VISUALIZATION,VW_MONTHLY_CUSTOMER_COMMUNICATIONS,TRANSFORMED_LAYER,snowflake
QBR - Pharmacy Spend Data - Test,b9bfb40f-5ed6-5312-1252-bbba3766ad39,VISUALIZATION,VW_CUSTOMER_DATE_AVAILABILITY_WITH_ROI_PERIODS,TRANSFORMED_LAYER_TEST,snowflake
QBR - Pharmacy Spend Data - Test,b9bfb40f-5ed6-5312-1252-bbba3766ad39,VISUALIZATION,VW_PHARMACY_SPEND_AND_SAVE,TRANSFORMED_LAYER_TEST,snowflake
QBR - PMPM Spend Data Set - KPA,ba4c7af1-b2b2-9732-1f02-0b11c27137b9,VISUALIZATION,VW_CUSTOMER_DATE_AVAILABILITY_WITH_ROI_PERIODS,TRANSFORMED_LAYER,snowflake
PRICING_ANALYSIS_TEST (STAGING_LAYER.PRICING_ANALYSIS_TEST) (TEMP),bb1f189c-182d-6d61-8333-1093882aa6a9,TEMP,PRICING_ANALYSIS_TEST,STAGING_LAYER,snowflake
TEMP_CLAIM_PRICE_TO_PREDICTED_SAVINGS_ANALYSIS (STAGING_LAYER.TEMP_CLAIM_PRICE_TO_PREDICTED_SAVINGS_ANALYSIS) (TEMP),bb219ed2-7ffe-65c1-84c4-d09827a2a0e5,TEMP,TEMP_CLAIM_PRICE_TO_PREDICTED_SAVINGS_ANALYSIS,STAGING_LAYER,snowflake
QBR - Customer Lives Datasource,bb5b5f10-744d-0cfd-d19d-20cbf7ea5362,VISUALIZATION,VW_CUSTOMER_DATE_AVAILABILITY,TRANSFORMED_LAYER,snowflake
QBR - Customer Lives Datasource,bb5b5f10-744d-0cfd-d19d-20cbf7ea5362,VISUALIZATION,VW_CUSTOMER_TOTAL_LIVES,TRANSFORMED_LAYER,snowflake
Drug Opportunities,bcc3dd30-a429-d327-508e-1f72a94d6f8f,VISUALIZATION,CLINICAL_OPPORTUNITIES_BY_DRUG_NAME,TRANSFORMED_LAYER,snowflake
Amazon QBR - Member Utilization Breakdown Dataset,c16ee76f-c2e3-4e67-b603-1ffd4f8a5899,AMAZON,VW_CUSTOMER_DATE_AVAILABILITY_WITH_ROI_PERIODS,TRANSFORMED_LAYER,snowflake
Amazon QBR - Member Utilization Breakdown Dataset,c16ee76f-c2e3-4e67-b603-1ffd4f8a5899,AMAZON,VW_MEMBER_UTILIZATION_BREAKDOWN_WITH_CUSTOM_FIELDS,TRANSFORMED_LAYER,snowflake
QBR - Member Communication Metadata Data Set,c2369926-5907-d133-1c74-6fe6d25947eb,VISUALIZATION,VW_CUSTOMER_DATE_AVAILABILITY,TRANSFORMED_LAYER,snowflake
QBR - Member Communication Metadata Data Set,c2369926-5907-d133-1c74-6fe6d25947eb,VISUALIZATION,VW_MEMBER_COMMUNICATION_OPTIONS,TRANSFORMED_LAYER,snowflake
QBR - Number Of Members By Number Of Opportunities,c3614e92-09e8-622f-8642-b3e40d4f7d4e,VISUALIZATION,VW_CUSTOMER_DATE_AVAILABILITY,TRANSFORMED_LAYER,snowflake
QBR - Number Of Members By Number Of Opportunities,c3614e92-09e8-622f-8642-b3e40d4f7d4e,VISUALIZATION,VW_NUMBER_OF_MEMBERS_AND_CLAIMS_BY_MONTH,TRANSFORMED_LAYER,snowflake
QBR - Utilization Ratios Datasource - Test,c4468be6-2254-ac3b-33d7-8185ef639b41,VISUALIZATION,VW_CUSTOMER_UTILIZER_RATIOS,TRANSFORMED_LAYER_TEST,snowflake
QBR - Utilization Ratios Datasource - Test,c4468be6-2254-ac3b-33d7-8185ef639b41,VISUALIZATION,VW_CUSTOMER_DATE_AVAILABILITY,TRANSFORMED_LAYER_TEST,snowflake
QBR - Utilization Ratios Datasource,c65305fa-2bb2-ff3a-03e9-b5917197adde,VISUALIZATION,VW_CUSTOMER_DATE_AVAILABILITY,TRANSFORMED_LAYER,snowflake
QBR - Utilization Ratios Datasource,c65305fa-2bb2-ff3a-03e9-b5917197adde,VISUALIZATION,VW_CUSTOMER_UTILIZER_RATIOS,TRANSFORMED_LAYER,snowflake
QBR - PMPM Spend Data Set - Test,c84b5c35-70e8-36a5-f054-cf88d8b40681,VISUALIZATION,VW_PMPM_SPEND,TRANSFORMED_LAYER_TEST,snowflake
QBR - PMPM Spend Data Set - Test,c84b5c35-70e8-36a5-f054-cf88d8b40681,VISUALIZATION,VW_CUSTOMER_DATE_AVAILABILITY_WITH_ROI_PERIODS,TRANSFORMED_LAYER_TEST,snowflake
Amazon QBR - Pharmacy Spend Dataset with Location,c97e4a1b-9efd-7523-5e53-31ecf471c724,AMAZON,VW_PHARMACY_SPEND_AND_SAVE,TRANSFORMED_LAYER,snowflake
Amazon QBR - Pharmacy Spend Dataset with Location,c97e4a1b-9efd-7523-5e53-31ecf471c724,AMAZON,VW_CUSTOMER_DATE_AVAILABILITY_WITH_ROI_PERIODS,TRANSFORMED_LAYER,snowflake
QBR - Customer Lives Datasource,caf69d94-1c49-35a1-4d3a-8d461c5977fc,VISUALIZATION,VW_CUSTOMER_DATE_AVAILABILITY,TRANSFORMED_LAYER,snowflake
QBR - Customer Lives Datasource,caf69d94-1c49-35a1-4d3a-8d461c5977fc,VISUALIZATION,VW_CUSTOMER_TOTAL_LIVES,TRANSFORMED_LAYER,snowflake
QBR - Member Savings Dataset,cb434500-cde7-386b-5912-6e458bd7ae21,VISUALIZATION,VW_REALIZED_SAVINGS_WITH_EMPLOYEE_DATA,TRANSFORMED_LAYER,snowflake
QBR - Member Savings Dataset,cb434500-cde7-386b-5912-6e458bd7ae21,VISUALIZATION,VW_CUSTOMER_DATE_AVAILABILITY_WITH_ROI_PERIODS,TRANSFORMED_LAYER,snowflake
COMMUNICATIONS_AND_SWITCHES_UNDISTILLED (TRANSFORMED_LAYER.COMMUNICATIONS_AND_SWITCHES_UNDISTILLED) (VISUALIZATION),cb5edee0-346e-7dab-9ce1-e7b6b750df61,VISUALIZATION,COMMUNICATIONS_AND_SWITCHES_UNDISTILLED,TRANSFORMED_LAYER,snowflake
QBR - PMPM Spend Data Set | Project : QBR Datasources,cb9659bb-8dd0-795a-aac0-cc4f9eb6b7d7,VISUALIZATION,VW_CUSTOMER_DATE_AVAILABILITY_WITH_ROI_PERIODS,TRANSFORMED_LAYER,snowflake
QBR - PMPM Spend Data Set | Project : QBR Datasources,cb9659bb-8dd0-795a-aac0-cc4f9eb6b7d7,VISUALIZATION,VW_PMPM_SPEND,TRANSFORMED_LAYER,snowflake
QBR - Number Of Members By Number Of Opportunities | Project : QBR Datasources,d07bada8-7fab-26b1-cc18-4cf8a236087a,VISUALIZATION,VW_CUSTOMER_DATE_AVAILABILITY,TRANSFORMED_LAYER,snowflake
QBR - Number Of Members By Number Of Opportunities | Project : QBR Datasources,d07bada8-7fab-26b1-cc18-4cf8a236087a,VISUALIZATION,VW_NUMBER_OF_MEMBERS_AND_CLAIMS_BY_MONTH,TRANSFORMED_LAYER,snowflake
QBR - PMPM Spend Data Set - Test,d11dfdcd-ec5a-fa6d-10e4-3cac1d24bc99,VISUALIZATION,VW_PMPM_SPEND,TRANSFORMED_LAYER_TEST,snowflake
QBR - PMPM Spend Data Set - Test,d11dfdcd-ec5a-fa6d-10e4-3cac1d24bc99,VISUALIZATION,VW_CUSTOMER_DATE_AVAILABILITY_WITH_ROI_PERIODS,TRANSFORMED_LAYER_TEST,snowflake
QBR - Login and Registration Data,d17b6b3b-bd75-7165-e83e-b40073214147,VISUALIZATION,VW_CUSTOMER_DATE_AVAILABILITY,TRANSFORMED_LAYER,snowflake
QBR - Login and Registration Data,d17b6b3b-bd75-7165-e83e-b40073214147,VISUALIZATION,VW_MONTHLY_LOGIN_AND_REGISTRATION_DATA,TRANSFORMED_LAYER,snowflake
QBR - Customer Fee Data,d1a3c6db-5844-99e2-7988-1df1ec7ee875,VISUALIZATION,VW_CUSTOMER_DATE_AVAILABILITY,TRANSFORMED_LAYER,snowflake
QBR - Customer Fee Data,d1a3c6db-5844-99e2-7988-1df1ec7ee875,VISUALIZATION,VW_CUSTOMER_FEES_AND_SAVINGS_FOR_ROI,TRANSFORMED_LAYER,snowflake
Custom SQL Query (BOOK_OF_BUSINESS),d213b2af-01dd-7438-21b4-0f98ef09e32b,book_of_business,vw_communicated_members_with_no_switches,TRANSFORMED_LAYER,snowflake
Custom SQL Query (BOOK_OF_BUSINESS),d213b2af-01dd-7438-21b4-0f98ef09e32b,visualization,vw_member_opportunities_with_best_saver_identified,TRANSFORMED_LAYER,snowflake
New Utilizers Drill Down Report Datasource,d3f312f4-fe75-9702-1576-e3c0a8cb5b27,DRILL_DOWN_REPORTS,VW_NEW_UTILIZERS_DRILL_DOWN,TRANSFORMED_LAYER,snowflake
VW_REALIZED_SAVINGS_YEARLY_REPORT (TRANSFORMED_LAYER.VW_REALIZED_SAVINGS_YEARLY_REPORT) (BOOK_OF_BUSINESS),d59ddb94-81b2-0485-2d35-37eb77deab75,BOOK_OF_BUSINESS,VW_REALIZED_SAVINGS_YEARLY_REPORT,TRANSFORMED_LAYER,snowflake
QBR - Member Communication Metadata Data Set,d5d87c8b-cbd0-425a-4fe7-1960cd10434d,VISUALIZATION,VW_CUSTOMER_DATE_AVAILABILITY,TRANSFORMED_LAYER,snowflake
QBR - Member Communication Metadata Data Set,d5d87c8b-cbd0-425a-4fe7-1960cd10434d,VISUALIZATION,VW_MEMBER_COMMUNICATION_OPTIONS,TRANSFORMED_LAYER,snowflake
QBR - Login and Registration Data,d6559b46-214f-f70c-02b4-6a4780e63523,VISUALIZATION,VW_CUSTOMER_DATE_AVAILABILITY,TRANSFORMED_LAYER,snowflake
QBR - Login and Registration Data,d6559b46-214f-f70c-02b4-6a4780e63523,VISUALIZATION,VW_MONTHLY_LOGIN_AND_REGISTRATION_DATA,TRANSFORMED_LAYER,snowflake
QBR - Primary Data Source - Data Availability - Test,d71db745-882a-5156-1dc6-b880ee10fb0c,VISUALIZATION,VW_CUSTOMER_DATE_AVAILABILITY_WITH_ROI_PERIODS,TRANSFORMED_LAYER_TEST,snowflake
KEY_EVENTS (TRANSFORMED_LAYER.KEY_EVENTS) (AMAZON),d76ab9c9-c414-4f04-a176-9350d7cba8cb,AMAZON,KEY_EVENTS,TRANSFORMED_LAYER,snowflake
QBR - Primary Data Source - Data Availability,d779fdac-e939-cd43-a741-ee71a616123c,VISUALIZATION,VW_CUSTOMER_DATE_AVAILABILITY_WITH_ROI_PERIODS,TRANSFORMED_LAYER,snowflake
QBR - Customer Lives Datasource,d77cb86a-dbf8-a386-6663-a4406a88c914,VISUALIZATION,VW_CUSTOMER_DATE_AVAILABILITY,TRANSFORMED_LAYER,snowflake
QBR - Customer Lives Datasource,d77cb86a-dbf8-a386-6663-a4406a88c914,VISUALIZATION,VW_CUSTOMER_TOTAL_LIVES,TRANSFORMED_LAYER,snowflake
QBR - Monthly Customer Communications,d7c49bf9-27e4-5a06-b365-cfc28da3d699,VISUALIZATION,VW_CUSTOMER_DATE_AVAILABILITY,TRANSFORMED_LAYER,snowflake
QBR - Monthly Customer Communications,d7c49bf9-27e4-5a06-b365-cfc28da3d699,VISUALIZATION,VW_MONTHLY_CUSTOMER_COMMUNICATIONS,TRANSFORMED_LAYER,snowflake
VW_QUARTERLY_SAVINGS_AND_SWITCHES (TRANSFORMED_LAYER.VW_QUARTERLY_SAVINGS_AND_SWITCHES) (BOOK_OF_BUSINESS),d875a300-9d6f-5c9b-c8e0-cc0b1beb00d0,BOOK_OF_BUSINESS,VW_QUARTERLY_SAVINGS_AND_SWITCHES,TRANSFORMED_LAYER,snowflake
QBR - Number Of Members By Number Of Opportunities,d980d5ba-7743-7434-2f30-4f79800e0b70,VISUALIZATION,VW_CUSTOMER_DATE_AVAILABILITY,TRANSFORMED_LAYER,snowflake
QBR - Number Of Members By Number Of Opportunities,d980d5ba-7743-7434-2f30-4f79800e0b70,VISUALIZATION,VW_NUMBER_OF_MEMBERS_AND_CLAIMS_BY_MONTH,TRANSFORMED_LAYER,snowflake
QBR_CUSTOMER_ROI_PERIOD_DATA | Project : QBR Datasources,da658468-4a73-5309-1a97-1a3f0bf2e94b,VISUALIZATION,VW_CUSTOMER_DATE_AVAILABILITY_WITH_ROI_PERIODS,TRANSFORMED_LAYER,snowflake
QBR_CUSTOMER_ROI_PERIOD_DATA | Project : QBR Datasources,da658468-4a73-5309-1a97-1a3f0bf2e94b,VISUALIZATION,VW_CUSTOMER_ROI_PERIOD_DATA_WITH_LABELS,TRANSFORMED_LAYER,snowflake
QBR - CLAIMS AND SPEND DATA SET - Test,dacb7864-130f-6cb5-fb6b-71f990debadd,VISUALIZATION,VW_CLAIMS_AND_SPENDS,TRANSFORMED_LAYER_TEST,snowflake
QBR - CLAIMS AND SPEND DATA SET - Test,dacb7864-130f-6cb5-fb6b-71f990debadd,VISUALIZATION,VW_CUSTOMER_DATE_AVAILABILITY,TRANSFORMED_LAYER_TEST,snowflake
QBR - Utilization Ratios Datasource,db21a6d4-2320-b4a9-3e17-1abf2077ea22,VISUALIZATION,VW_CUSTOMER_UTILIZER_RATIOS,TRANSFORMED_LAYER,snowflake
Amazon QBR - PMPM Spend Dataset,dc045116-08f2-dab2-7ff7-cf6e676f0859,AMAZON,VW_PMPM_SPEND,TRANSFORMED_LAYER,snowflake
Amazon QBR - PMPM Spend Dataset,dc045116-08f2-dab2-7ff7-cf6e676f0859,AMAZON,VW_CUSTOMER_DATE_AVAILABILITY_WITH_ROI_PERIODS,TRANSFORMED_LAYER,snowflake
QBR - PMPM Spend Data Set,dd52f0fb-2a11-0be1-c2c2-6af6cc375459,VISUALIZATION,VW_CUSTOMER_DATE_AVAILABILITY_WITH_ROI_PERIODS,TRANSFORMED_LAYER,snowflake
QBR - PMPM Spend Data Set,dd52f0fb-2a11-0be1-c2c2-6af6cc375459,VISUALIZATION,VW_PMPM_SPEND,TRANSFORMED_LAYER,snowflake
NEW_UTILIZERS_DRILL_DOWN (TRANSFORMED_LAYER.NEW_UTILIZERS_DRILL_DOWN) (DRILL_DOWN_REPORTS),dd9c3609-83ec-9c41-aed7-19303eec6b11,DRILL_DOWN_REPORTS,NEW_UTILIZERS_DRILL_DOWN,TRANSFORMED_LAYER,snowflake
QBR - PMPM Spend Data Set,de893d8e-ab2a-34a7-67cc-483501c0790a,VISUALIZATION,VW_CUSTOMER_DATE_AVAILABILITY_WITH_ROI_PERIODS,TRANSFORMED_LAYER,snowflake
QBR - PMPM Spend Data Set,de893d8e-ab2a-34a7-67cc-483501c0790a,VISUALIZATION,VW_PMPM_SPEND,TRANSFORMED_LAYER,snowflake
QBR - Amazon - Member Savings Dataset - Test,de89cb6c-7b67-0022-1ff1-cf32b782d5c0,AMAZON,VW_CUSTOMER_DATE_AVAILABILITY_WITH_ROI_PERIODS,TRANSFORMED_LAYER_TEST,snowflake
QBR - Amazon - Member Savings Dataset - Test,de89cb6c-7b67-0022-1ff1-cf32b782d5c0,AMAZON,VW_REALIZED_SAVINGS_WITH_EMPLOYEE_DATA_AND_CUSTOM_FILTERS,TRANSFORMED_LAYER_TEST,snowflake
TEMP_CUSTOMER_MONTHLY_FEES (TRANSFORMED_LAYER.TEMP_CUSTOMER_MONTHLY_FEES) (AMAZON),dfbff2ed-8d70-1a69-33b9-2c5cbe8ad968,AMAZON,TEMP_CUSTOMER_MONTHLY_FEES,TRANSFORMED_LAYER,snowflake
QBR - Amazon - Pharmacy Spend Data (1) (local copy),dfead327-ef27-596a-5c8a-95b843867d9d,AMAZON,VW_CUSTOMER_DATE_AVAILABILITY_WITH_ROI_PERIODS,TRANSFORMED_LAYER_TEST,snowflake
QBR - Amazon - Pharmacy Spend Data (1) (local copy),dfead327-ef27-596a-5c8a-95b843867d9d,AMAZON,VW_PHARMACY_SPEND_AND_SAVE,TRANSFORMED_LAYER_TEST,snowflake
QBR - Amazon - Pharmacy Spend Data (1) (local copy),e01bd4fd-0c01-7bad-4c60-2af6df40bb1f,AMAZON,VW_CUSTOMER_DATE_AVAILABILITY_WITH_ROI_PERIODS,TRANSFORMED_LAYER_TEST,snowflake
QBR - Amazon - Pharmacy Spend Data (1) (local copy),e01bd4fd-0c01-7bad-4c60-2af6df40bb1f,AMAZON,VW_PHARMACY_SPEND_AND_SAVE,TRANSFORMED_LAYER_TEST,snowflake
QBR - Member Savings Opportunity Dataset - Child Company Location,e33f2723-412e-42a5-e06c-045d6bdc707d,VISUALIZATION,VW_CUSTOMER_DATE_AVAILABILITY,TRANSFORMED_LAYER,snowflake
QBR - Member Savings Opportunity Dataset - Child Company Location,e33f2723-412e-42a5-e06c-045d6bdc707d,VISUALIZATION,VW_MEMBER_OPPORTUNITIES_WITH_BEST_SAVER_IDENTIFIED_WTIH_CHILD_COMPANY_LOCATION,TRANSFORMED_LAYER,snowflake
QBR - Primary Data Source - Data Availability,e4089db1-2d51-33da-032e-d74ff32c462a,VISUALIZATION,VW_CUSTOMER_DATE_AVAILABILITY_WITH_ROI_PERIODS,TRANSFORMED_LAYER,snowflake
VW_BOOK_OF_BUSINESS_SAVINGS_BY_STRATEGY (TRANSFORMED_LAYER.VW_BOOK_OF_BUSINESS_SAVINGS_BY_STRATEGY) (BOOK_OF_BUSINESS),e52ccec7-bc02-58a2-2c15-ab558eb60375,BOOK_OF_BUSINESS,VW_BOOK_OF_BUSINESS_SAVINGS_BY_STRATEGY,TRANSFORMED_LAYER,snowflake
QBR - Primary Data Source - Data Availability - Test,e5a056c8-251d-9d1d-ec25-7dfce8736010,VISUALIZATION,VW_CUSTOMER_DATE_AVAILABILITY_WITH_ROI_PERIODS,TRANSFORMED_LAYER_TEST,snowflake
QBR - PMPM Spend Data Set - Test,e5fa4cb9-1502-f779-dcc4-ab9227ba1027,VISUALIZATION,VW_PMPM_SPEND,TRANSFORMED_LAYER_TEST,snowflake
QBR - PMPM Spend Data Set - Test,e5fa4cb9-1502-f779-dcc4-ab9227ba1027,VISUALIZATION,VW_CUSTOMER_DATE_AVAILABILITY_WITH_ROI_PERIODS,TRANSFORMED_LAYER_TEST,snowflake
QBR - Member Opportunity Savings Dataset,e628dc9e-a701-c4bc-1a3e-3d6de5fe2920,VISUALIZATION,VW_CUSTOMER_DATE_AVAILABILITY,TRANSFORMED_LAYER,snowflake
QBR - Member Opportunity Savings Dataset,e628dc9e-a701-c4bc-1a3e-3d6de5fe2920,VISUALIZATION,VW_MEMBER_OPPORTUNITIES_WITH_BEST_SAVER_IDENTIFIED,TRANSFORMED_LAYER,snowflake
QBR - Member Utilization Breakdown - Test,e76d6fc6-4bac-c448-57b6-ae511d77f89c,VISUALIZATION,VW_CUSTOMER_DATE_AVAILABILITY,TRANSFORMED_LAYER_TEST,snowflake
QBR - Member Utilization Breakdown - Test,e76d6fc6-4bac-c448-57b6-ae511d77f89c,VISUALIZATION,VW_UTILIZATION_BREAKDOWN_QBR,TRANSFORMED_LAYER_TEST,snowflake
QBR - Customer Fee Data - Test,e7bb9653-98a8-8281-cfe8-771cf5265f97,VISUALIZATION,VW_CUSTOMER_FEES_AND_SAVINGS_FOR_ROI,TRANSFORMED_LAYER_TEST,snowflake
QBR - Customer Fee Data - Test,e7bb9653-98a8-8281-cfe8-771cf5265f97,VISUALIZATION,VW_CUSTOMER_DATE_AVAILABILITY,TRANSFORMED_LAYER_TEST,snowflake
QBR - Primary Data Source - Data Availability,e7fdf8c5-736a-a459-0005-0153c6a767b2,VISUALIZATION,VW_CUSTOMER_DATE_AVAILABILITY_WITH_ROI_PERIODS,TRANSFORMED_LAYER,snowflake
QBR - Primary Data Source - Data Availability,e8c7f905-2124-7fd5-193e-1fffa6dc0e59,VISUALIZATION,VW_CUSTOMER_DATE_AVAILABILITY_WITH_ROI_PERIODS,TRANSFORMED_LAYER,snowflake
QBR - Amazon - Member Utilization Breakdown (2) (local copy),e8d84f53-1297-edec-7ef3-c55cf607c477,AMAZON,VW_CUSTOMER_DATE_AVAILABILITY_WITH_ROI_PERIODS,TRANSFORMED_LAYER_TEST,snowflake
QBR - Customer Fee Data,e99bd130-a249-39bb-86d7-eacf38da6476,VISUALIZATION,VW_CUSTOMER_DATE_AVAILABILITY,TRANSFORMED_LAYER,snowflake
QBR - Customer Fee Data,e99bd130-a249-39bb-86d7-eacf38da6476,VISUALIZATION,VW_CUSTOMER_FEES_AND_SAVINGS_FOR_ROI,TRANSFORMED_LAYER,snowflake
QBR - Customer Lives Datasource,e9c37813-f373-5d59-5ea6-67c1296853ec,VISUALIZATION,VW_CUSTOMER_DATE_AVAILABILITY,TRANSFORMED_LAYER,snowflake
QBR - Customer Lives Datasource,e9c37813-f373-5d59-5ea6-67c1296853ec,VISUALIZATION,VW_CUSTOMER_TOTAL_LIVES,TRANSFORMED_LAYER,snowflake
Rough Drug Adoption Ratio Sheet,ea60503c-fb08-96d3-16b5-db210db12718,BOOK_OF_BUSINESS,VW_BOB_ROUGH_ADOPTION_RATIOS_BY_DRUG_NAME,TRANSFORMED_LAYER,snowflake
Amazon QBR - Member Opportunity Savings Dataset,eb81ba01-9d20-a224-33ef-4a49a35b2b07,AMAZON,VW_CUSTOMER_DATE_AVAILABILITY_WITH_ROI_PERIODS,TRANSFORMED_LAYER,snowflake
Amazon QBR - Member Opportunity Savings Dataset,eb81ba01-9d20-a224-33ef-4a49a35b2b07,AMAZON,VW_MEMBER_OPPORTUNITIES_WITH_BEST_SAVER_IDENTIFIED,TRANSFORMED_LAYER,snowflake
QBR - Customer Fee Data - Test | Project : QBR Test Datasources,eba021e8-c4d3-6f67-f86f-8df4c0edcc97,VISUALIZATION,VW_CUSTOMER_FEES_AND_SAVINGS_FOR_ROI,TRANSFORMED_LAYER_TEST,snowflake
QBR - Customer Fee Data - Test | Project : QBR Test Datasources,eba021e8-c4d3-6f67-f86f-8df4c0edcc97,VISUALIZATION,VW_CUSTOMER_DATE_AVAILABILITY,TRANSFORMED_LAYER_TEST,snowflake
QBR - Login and Registration Data,ece49d31-f1fd-04c3-1a3b-fb2c63fa2c8b,VISUALIZATION,VW_CUSTOMER_DATE_AVAILABILITY,TRANSFORMED_LAYER,snowflake
QBR - Login and Registration Data,ece49d31-f1fd-04c3-1a3b-fb2c63fa2c8b,VISUALIZATION,VW_MONTHLY_LOGIN_AND_REGISTRATION_DATA,TRANSFORMED_LAYER,snowflake
PRICING_ANALYSIS_TEST (STAGING_LAYER.PRICING_ANALYSIS_TEST) (TEMP),ee254fd0-20e4-bffc-e34a-30e5d31a93e0,TEMP,PRICING_ANALYSIS_TEST,STAGING_LAYER,snowflake
CUSTOMER_ROI_PERIOD_DATA - Test,ee706a1f-053f-a8d8-cce5-6c536ebf7cfe,VISUALIZATION,VW_CUSTOMER_ROI_PERIOD_DATA_WITH_LABELS,TRANSFORMED_LAYER_TEST,snowflake
CUSTOMER_ROI_PERIOD_DATA - Test,ee706a1f-053f-a8d8-cce5-6c536ebf7cfe,VISUALIZATION,VW_CUSTOMER_DATE_AVAILABILITY_WITH_ROI_PERIODS,TRANSFORMED_LAYER_TEST,snowflake
Amazon QBR - Claims and Spend Dataset,eebe24cc-df27-e604-54b4-6a73a13f5fa5,AMAZON,VW_CUSTOMER_DATE_AVAILABILITY_WITH_ROI_PERIODS,TRANSFORMED_LAYER,snowflake
Amazon QBR - Claims and Spend Dataset,eebe24cc-df27-e604-54b4-6a73a13f5fa5,AMAZON,VW_CLAIMS_AND_SPENDS,TRANSFORMED_LAYER,snowflake
QBR - Customer Fee Data,f05109a4-68dc-d657-ced1-c2a7a84bc429,VISUALIZATION,VW_CUSTOMER_DATE_AVAILABILITY,TRANSFORMED_LAYER,snowflake
QBR - Customer Fee Data,f05109a4-68dc-d657-ced1-c2a7a84bc429,VISUALIZATION,VW_CUSTOMER_FEES_AND_SAVINGS_FOR_ROI,TRANSFORMED_LAYER,snowflake
QBR - Number Of Members By Number Of Opportunities,f0845b9d-1a76-638d-7dc1-57bee9a4ac5a,VISUALIZATION,VW_CUSTOMER_DATE_AVAILABILITY,TRANSFORMED_LAYER,snowflake
QBR - Number Of Members By Number Of Opportunities,f0845b9d-1a76-638d-7dc1-57bee9a4ac5a,VISUALIZATION,VW_NUMBER_OF_MEMBERS_AND_CLAIMS_BY_MONTH,TRANSFORMED_LAYER,snowflake
QBR - Primary Data Source - Data Availability - KPA,f0a31884-418c-12fd-b9b8-3a92d1c41551,VISUALIZATION,VW_CUSTOMER_DATE_AVAILABILITY_WITH_ROI_PERIODS,TRANSFORMED_LAYER,snowflake
QBR_CUSTOMER_ROI_PERIOD_DATA | Project : QBR Datasources,f17cae9c-2d18-9108-afd5-40c495ac4d98,VISUALIZATION,VW_CUSTOMER_DATE_AVAILABILITY_WITH_ROI_PERIODS,TRANSFORMED_LAYER,snowflake
QBR_CUSTOMER_ROI_PERIOD_DATA | Project : QBR Datasources,f17cae9c-2d18-9108-afd5-40c495ac4d98,VISUALIZATION,VW_CUSTOMER_ROI_PERIOD_DATA_WITH_LABELS,TRANSFORMED_LAYER,snowflake
Viz Load Times,f24e9daf-cc2b-23ec-a94b-387f702414bf,Extract,Extract,058ae501-f6c0-49f6-8f53-fe1bb1deb072,hyper
QBR - Customer ROI Period Data - KPA,f340ee58-a65c-987e-48ff-b79fa36ad17a,VISUALIZATION,VW_CUSTOMER_DATE_AVAILABILITY_WITH_ROI_PERIODS,TRANSFORMED_LAYER,snowflake
MEMBER_ENGAGEMENT,f40b3d8b-efb7-e31a-26f9-24ef20710a68,AMAZON,VW_MEMBER_OPPORTUNITIES,TRANSFORMED_LAYER,snowflake
MEMBER_ENGAGEMENT,f40b3d8b-efb7-e31a-26f9-24ef20710a68,AMAZON,VW_ENGAGEMENT,TRANSFORMED_LAYER,snowflake
QBR - Pharmacy Spend Data - Test,f46ec654-7a65-869e-02da-c0a1777c722a,VISUALIZATION,VW_CUSTOMER_DATE_AVAILABILITY_WITH_ROI_PERIODS,TRANSFORMED_LAYER_TEST,snowflake
QBR - Pharmacy Spend Data - Test,f46ec654-7a65-869e-02da-c0a1777c722a,VISUALIZATION,VW_PHARMACY_SPEND_AND_SAVE,TRANSFORMED_LAYER_TEST,snowflake
QBR - Customer Fee Data - Test | Project : QBR Test Datasources,f530d3f1-5ae7-4f6a-4e0e-3ea4671556f9,VISUALIZATION,VW_CUSTOMER_FEES_AND_SAVINGS_FOR_ROI,TRANSFORMED_LAYER_TEST,snowflake
QBR - Customer Fee Data - Test | Project : QBR Test Datasources,f530d3f1-5ae7-4f6a-4e0e-3ea4671556f9,VISUALIZATION,VW_CUSTOMER_DATE_AVAILABILITY,TRANSFORMED_LAYER_TEST,snowflake
QBR - Utilization Ratios Datasource,f53118a7-5366-45b5-0b2d-253b68886173,VISUALIZATION,VW_CUSTOMER_DATE_AVAILABILITY,TRANSFORMED_LAYER,snowflake
QBR - Utilization Ratios Datasource,f53118a7-5366-45b5-0b2d-253b68886173,VISUALIZATION,VW_CUSTOMER_UTILIZER_RATIOS,TRANSFORMED_LAYER,snowflake
QBR - Number Of Members By Number Of Opportunities,f7cee4bf-251d-2ae6-450b-937a5df1a842,VISUALIZATION,VW_CUSTOMER_DATE_AVAILABILITY,TRANSFORMED_LAYER,snowflake
QBR - Number Of Members By Number Of Opportunities,f7cee4bf-251d-2ae6-450b-937a5df1a842,VISUALIZATION,VW_NUMBER_OF_MEMBERS_AND_CLAIMS_BY_MONTH,TRANSFORMED_LAYER,snowflake
QBR - Customer Lives Datasource,fc230e9d-bede-90fa-8809-6b626c0af013,VISUALIZATION,VW_CUSTOMER_TOTAL_LIVES,TRANSFORMED_LAYER,snowflake
QBR - Member Communication Metadata Data Set,fce97b5f-8ed7-7239-8218-582337d59a9a,VISUALIZATION,VW_CUSTOMER_DATE_AVAILABILITY,TRANSFORMED_LAYER,snowflake
QBR - Member Communication Metadata Data Set,fce97b5f-8ed7-7239-8218-582337d59a9a,VISUALIZATION,VW_MEMBER_COMMUNICATION_OPTIONS,TRANSFORMED_LAYER,snowflake
QBR - Number Of Members By Number Of Opportunities,fd03131e-2bbe-06d6-57f8-353a70745d1e,VISUALIZATION,VW_CUSTOMER_DATE_AVAILABILITY,TRANSFORMED_LAYER,snowflake
QBR - Number Of Members By Number Of Opportunities,fd03131e-2bbe-06d6-57f8-353a70745d1e,VISUALIZATION,VW_NUMBER_OF_MEMBERS_AND_CLAIMS_BY_MONTH,TRANSFORMED_LAYER,snowflake
QBR - CLAIMS AND SPEND DATA SET - Test,fdbaab43-a405-a2ab-868a-1761ee8dfcc6,VISUALIZATION,VW_CLAIMS_AND_SPENDS,TRANSFORMED_LAYER_TEST,snowflake
QBR - CLAIMS AND SPEND DATA SET - Test,fdbaab43-a405-a2ab-868a-1761ee8dfcc6,VISUALIZATION,VW_CUSTOMER_DATE_AVAILABILITY,TRANSFORMED_LAYER_TEST,snowflake
QBR - Member Savings Opportunity Dataset - Child Company Location | Project : QBR Datasources,ffc28888-099e-c363-f798-243d6f89cccf,VISUALIZATION,VW_CUSTOMER_DATE_AVAILABILITY,TRANSFORMED_LAYER,snowflake
QBR - Member Savings Opportunity Dataset - Child Company Location | Project : QBR Datasources,ffc28888-099e-c363-f798-243d6f89cccf,VISUALIZATION,VW_MEMBER_OPPORTUNITIES_WITH_BEST_SAVER_IDENTIFIED_WTIH_CHILD_COMPANY_LOCATION,TRANSFORMED_LAYER,snowflake
Amazon QBR - Login and Registration Dataset,ffef746a-31f1-2bcb-bf96-055caaac57a8,AMAZON,VW_CUSTOMER_DATE_AVAILABILITY_WITH_ROI_PERIODS,TRANSFORMED_LAYER,snowflake
QBR - Member Savings Opportunity Dataset - Child Company Location | Project : QBR Datasources,fff7fab2-c4cc-c836-5faa-52e7475db622,VISUALIZATION,VW_CUSTOMER_DATE_AVAILABILITY,TRANSFORMED_LAYER,snowflake
QBR - Member Savings Opportunity Dataset - Child Company Location | Project : QBR Datasources,fff7fab2-c4cc-c836-5faa-52e7475db622,VISUALIZATION,VW_MEMBER_OPPORTUNITIES_WITH_BEST_SAVER_IDENTIFIED_WTIH_CHILD_COMPANY_LOCATION,TRANSFORMED_LAYER,snowflake
