Project Name,Datasource Name,Database Name,Table Schema,Table Name,Database Connection Type,USER_NAME,AUTHENTICATION_METHOD
Datasources,PRICING_ANALYSIS (ANALYTICS.PRICING_ANALYSIS) (BUSINESSOPERATIONS) (local copy),ANALYTICS,BUSINESSOPERATIONS,PRICING_ANALYSIS,snowflake,SCRIPTAETL,PASSWORD
Datasources,Campaign Marketing Active Members DataSource,TRANSFORMED_LAYER,VISUALIZATION,CAMPAIGN_MARKETING_ACTIVE_MEMBERS,snowflake,SCRIPTAETL,PASSWORD
Datasources,Campaign Marketing Datasource,TRANSFORMED_LAYER,VISUALIZATION,CAMPAIGN_MARKETING,snowflake,SCRIPTAETL,PASSWORD
Datasources,Campaign Marketing Datasource,TRANSFORMED_LAYER,VISUALIZATION,CAMPAIGN_MARKETING,snowflake,SCRIPTAETL,PASSWORD
Datasources,Drug Opportunities,TRANSFORMED_LAYER,VISUALIZATION,CLINICAL_OPPORTUNITIES_BY_DRUG_NAME,snowflake,SCRIPTAETL,PASSWORD
Datasources,Drug Opportunities,TRANSFORMED_LAYER,VISUALIZATION,CLINICAL_OPPORTUNITIES_BY_DRUG_NAME,snowflake,SCRIPTAETL,PASSWORD
Datasources,Expected-Values-Of-Drug-A-To-Drug-B-Switches,TRANSFORMED_LAYER,VISUALIZATION,CLINICAL_OPPORTUNITIES_BY_DRUG_NAME,snowflake,SCRIPTAETL,PASSWORD
Datasources,Expected-Values-Of-Drug-A-To-Drug-B-Switches,TRANSFORMED_LAYER,VISUALIZATION,CLINICAL_ROUGH_ADOPTION_RATIOS_BY_CUSTOMER_AND_GLOBAL,snowflake,SCRIPTAETL,PASSWORD
Datasources,Expected-Values-Of-Drug-A-To-Drug-B-Switches,TRANSFORMED_LAYER,VISUALIZATION,CLINICAL_OPPORTUNITIES_BY_DRUG_NAME,snowflake,SCRIPTAETL,PASSWORD
Datasources,Expected-Values-Of-Drug-A-To-Drug-B-Switches,TRANSFORMED_LAYER,VISUALIZATION,CLINICAL_ROUGH_ADOPTION_RATIOS_BY_CUSTOMER_AND_GLOBAL,snowflake,SCRIPTAETL,PASSWORD
QBR Datasources,QBR_CUSTOMER_ROI_PERIOD_DATA,TRANSFORMED_LAYER,VISUALIZATION,VW_CUSTOMER_DATE_AVAILABILITY_WITH_ROI_PERIODS,snowflake,SCRIPTAETL,PASSWORD
QBR Datasources,QBR_CUSTOMER_ROI_PERIOD_DATA,TRANSFORMED_LAYER,VISUALIZATION,VW_CUSTOMER_ROI_PERIOD_DATA_WITH_LABELS,snowflake,SCRIPTAETL,PASSWORD
QBR Datasources,QBR - CLAIMS AND SPEND DATA SET,TRANSFORMED_LAYER,VISUALIZATION,VW_CUSTOMER_DATE_AVAILABILITY,snowflake,SCRIPTAETL,PASSWORD
QBR Datasources,QBR - CLAIMS AND SPEND DATA SET,TRANSFORMED_LAYER,VISUALIZATION,VW_CLAIMS_AND_SPENDS,snowflake,SCRIPTAETL,PASSWORD
QBR Datasources,QBR - CLAIMS AND SPEND DATA SET,TRANSFORMED_LAYER,VISUALIZATION,VW_CUSTOMER_DATE_AVAILABILITY,snowflake,SCRIPTAETL,PASSWORD
QBR Datasources,QBR - CLAIMS AND SPEND DATA SET,TRANSFORMED_LAYER,VISUALIZATION,VW_CLAIMS_AND_SPENDS,snowflake,SCRIPTAETL,PASSWORD
QBR Datasources,QBR - CLAIMS AND SPEND DATA SET,TRANSFORMED_LAYER,VISUALIZATION,VW_CUSTOMER_DATE_AVAILABILITY,snowflake,SCRIPTAETL,PASSWORD
QBR Datasources,QBR - CLAIMS AND SPEND DATA SET,TRANSFORMED_LAYER,VISUALIZATION,VW_CLAIMS_AND_SPENDS,snowflake,SCRIPTAETL,PASSWORD
QBR Datasources,QBR - CLAIMS AND SPEND DATA SET,TRANSFORMED_LAYER,VISUALIZATION,VW_CUSTOMER_DATE_AVAILABILITY,snowflake,SCRIPTAETL,PASSWORD
QBR Datasources,QBR - CLAIMS AND SPEND DATA SET,TRANSFORMED_LAYER,VISUALIZATION,VW_CLAIMS_AND_SPENDS,snowflake,SCRIPTAETL,PASSWORD
QBR Datasources,QBR - CLAIMS AND SPEND DATA SET,TRANSFORMED_LAYER,VISUALIZATION,VW_CUSTOMER_DATE_AVAILABILITY,snowflake,SCRIPTAETL,PASSWORD
QBR Datasources,QBR - CLAIMS AND SPEND DATA SET,TRANSFORMED_LAYER,VISUALIZATION,VW_CLAIMS_AND_SPENDS,snowflake,SCRIPTAETL,PASSWORD
QBR Datasources,QBR - CLAIMS AND SPEND DATA SET,TRANSFORMED_LAYER,VISUALIZATION,VW_CUSTOMER_DATE_AVAILABILITY,snowflake,SCRIPTAETL,PASSWORD
QBR Datasources,QBR - CLAIMS AND SPEND DATA SET,TRANSFORMED_LAYER,VISUALIZATION,VW_CLAIMS_AND_SPENDS,snowflake,SCRIPTAETL,PASSWORD
QBR Datasources,QBR - CLAIMS AND SPEND DATA SET,TRANSFORMED_LAYER,VISUALIZATION,VW_CUSTOMER_DATE_AVAILABILITY,snowflake,SCRIPTAETL,PASSWORD
QBR Datasources,QBR - CLAIMS AND SPEND DATA SET,TRANSFORMED_LAYER,VISUALIZATION,VW_CLAIMS_AND_SPENDS,snowflake,SCRIPTAETL,PASSWORD
QBR Datasources,QBR - Customer Fee Data,TRANSFORMED_LAYER,VISUALIZATION,VW_CUSTOMER_DATE_AVAILABILITY,snowflake,SCRIPTAETL,PASSWORD
QBR Datasources,QBR - Customer Fee Data,TRANSFORMED_LAYER,VISUALIZATION,VW_CUSTOMER_FEES_AND_SAVINGS_FOR_ROI,snowflake,SCRIPTAETL,PASSWORD
QBR Datasources,QBR - Customer Fee Data,TRANSFORMED_LAYER,VISUALIZATION,VW_CUSTOMER_DATE_AVAILABILITY,snowflake,SCRIPTAETL,PASSWORD
QBR Datasources,QBR - Customer Fee Data,TRANSFORMED_LAYER,VISUALIZATION,VW_CUSTOMER_FEES_AND_SAVINGS_FOR_ROI,snowflake,SCRIPTAETL,PASSWORD
QBR Datasources,QBR - Customer Fee Data,TRANSFORMED_LAYER,VISUALIZATION,VW_CUSTOMER_DATE_AVAILABILITY,snowflake,SCRIPTAETL,PASSWORD
QBR Datasources,QBR - Customer Fee Data,TRANSFORMED_LAYER,VISUALIZATION,VW_CUSTOMER_FEES_AND_SAVINGS_FOR_ROI,snowflake,SCRIPTAETL,PASSWORD
QBR Datasources,QBR - Customer Fee Data,TRANSFORMED_LAYER,VISUALIZATION,VW_CUSTOMER_DATE_AVAILABILITY,snowflake,SCRIPTAETL,PASSWORD
QBR Datasources,QBR - Customer Fee Data,TRANSFORMED_LAYER,VISUALIZATION,VW_CUSTOMER_FEES_AND_SAVINGS_FOR_ROI,snowflake,SCRIPTAETL,PASSWORD
QBR Datasources,QBR - Customer Fee Data,TRANSFORMED_LAYER,VISUALIZATION,VW_CUSTOMER_DATE_AVAILABILITY,snowflake,SCRIPTAETL,PASSWORD
QBR Datasources,QBR - Customer Fee Data,TRANSFORMED_LAYER,VISUALIZATION,VW_CUSTOMER_FEES_AND_SAVINGS_FOR_ROI,snowflake,SCRIPTAETL,PASSWORD
QBR Datasources,QBR - Customer Fee Data,TRANSFORMED_LAYER,VISUALIZATION,VW_CUSTOMER_DATE_AVAILABILITY,snowflake,SCRIPTAETL,PASSWORD
QBR Datasources,QBR - Customer Fee Data,TRANSFORMED_LAYER,VISUALIZATION,VW_CUSTOMER_FEES_AND_SAVINGS_FOR_ROI,snowflake,SCRIPTAETL,PASSWORD
QBR Datasources,QBR - Customer Fee Data,TRANSFORMED_LAYER,VISUALIZATION,VW_CUSTOMER_DATE_AVAILABILITY,snowflake,SCRIPTAETL,PASSWORD
QBR Datasources,QBR - Customer Fee Data,TRANSFORMED_LAYER,VISUALIZATION,VW_CUSTOMER_FEES_AND_SAVINGS_FOR_ROI,snowflake,SCRIPTAETL,PASSWORD
QBR Datasources,QBR - Customer Fee Data,TRANSFORMED_LAYER,VISUALIZATION,VW_CUSTOMER_DATE_AVAILABILITY,snowflake,SCRIPTAETL,PASSWORD
QBR Datasources,QBR - Customer Fee Data,TRANSFORMED_LAYER,VISUALIZATION,VW_CUSTOMER_FEES_AND_SAVINGS_FOR_ROI,snowflake,SCRIPTAETL,PASSWORD
QBR Datasources,QBR - Customer Fee Data,TRANSFORMED_LAYER,VISUALIZATION,VW_CUSTOMER_DATE_AVAILABILITY,snowflake,SCRIPTAETL,PASSWORD
QBR Datasources,QBR - Customer Fee Data,TRANSFORMED_LAYER,VISUALIZATION,VW_CUSTOMER_FEES_AND_SAVINGS_FOR_ROI,snowflake,SCRIPTAETL,PASSWORD
QBR Datasources,QBR - Customer Fee Data,TRANSFORMED_LAYER,VISUALIZATION,VW_CUSTOMER_DATE_AVAILABILITY,snowflake,SCRIPTAETL,PASSWORD
QBR Datasources,QBR - Customer Fee Data,TRANSFORMED_LAYER,VISUALIZATION,VW_CUSTOMER_FEES_AND_SAVINGS_FOR_ROI,snowflake,SCRIPTAETL,PASSWORD
QBR Datasources,QBR - Customer Lives Datasource,TRANSFORMED_LAYER,VISUALIZATION,VW_CUSTOMER_DATE_AVAILABILITY,snowflake,SCRIPTAETL,PASSWORD
QBR Datasources,QBR - Customer Lives Datasource,TRANSFORMED_LAYER,VISUALIZATION,VW_CUSTOMER_TOTAL_LIVES,snowflake,SCRIPTAETL,PASSWORD
QBR Datasources,QBR - Customer Lives Datasource,TRANSFORMED_LAYER,VISUALIZATION,VW_CUSTOMER_DATE_AVAILABILITY,snowflake,SCRIPTAETL,PASSWORD
QBR Datasources,QBR - Customer Lives Datasource,TRANSFORMED_LAYER,VISUALIZATION,VW_CUSTOMER_TOTAL_LIVES,snowflake,SCRIPTAETL,PASSWORD
QBR Datasources,QBR - Customer Lives Datasource,TRANSFORMED_LAYER,VISUALIZATION,VW_CUSTOMER_DATE_AVAILABILITY,snowflake,SCRIPTAETL,PASSWORD
QBR Datasources,QBR - Customer Lives Datasource,TRANSFORMED_LAYER,VISUALIZATION,VW_CUSTOMER_TOTAL_LIVES,snowflake,SCRIPTAETL,PASSWORD
QBR Datasources,QBR - Customer Lives Datasource,TRANSFORMED_LAYER,VISUALIZATION,VW_CUSTOMER_DATE_AVAILABILITY,snowflake,SCRIPTAETL,PASSWORD
QBR Datasources,QBR - Customer Lives Datasource,TRANSFORMED_LAYER,VISUALIZATION,VW_CUSTOMER_TOTAL_LIVES,snowflake,SCRIPTAETL,PASSWORD
QBR Datasources,QBR - Customer Lives Datasource,TRANSFORMED_LAYER,VISUALIZATION,VW_CUSTOMER_DATE_AVAILABILITY,snowflake,SCRIPTAETL,PASSWORD
QBR Datasources,QBR - Customer Lives Datasource,TRANSFORMED_LAYER,VISUALIZATION,VW_CUSTOMER_TOTAL_LIVES,snowflake,SCRIPTAETL,PASSWORD
QBR Datasources,QBR - Customer Lives Datasource,TRANSFORMED_LAYER,VISUALIZATION,VW_CUSTOMER_DATE_AVAILABILITY,snowflake,SCRIPTAETL,PASSWORD
QBR Datasources,QBR - Customer Lives Datasource,TRANSFORMED_LAYER,VISUALIZATION,VW_CUSTOMER_TOTAL_LIVES,snowflake,SCRIPTAETL,PASSWORD
QBR Datasources,QBR - Customer Lives Datasource,TRANSFORMED_LAYER,VISUALIZATION,VW_CUSTOMER_DATE_AVAILABILITY,snowflake,SCRIPTAETL,PASSWORD
QBR Datasources,QBR - Customer Lives Datasource,TRANSFORMED_LAYER,VISUALIZATION,VW_CUSTOMER_TOTAL_LIVES,snowflake,SCRIPTAETL,PASSWORD
QBR Datasources,QBR - Customer Lives Datasource,TRANSFORMED_LAYER,VISUALIZATION,VW_CUSTOMER_DATE_AVAILABILITY,snowflake,SCRIPTAETL,PASSWORD
QBR Datasources,QBR - Customer Lives Datasource,TRANSFORMED_LAYER,VISUALIZATION,VW_CUSTOMER_TOTAL_LIVES,snowflake,SCRIPTAETL,PASSWORD
QBR Datasources,QBR - Customer Lives Datasource,TRANSFORMED_LAYER,VISUALIZATION,VW_CUSTOMER_DATE_AVAILABILITY,snowflake,SCRIPTAETL,PASSWORD
QBR Datasources,QBR - Customer Lives Datasource,TRANSFORMED_LAYER,VISUALIZATION,VW_CUSTOMER_TOTAL_LIVES,snowflake,SCRIPTAETL,PASSWORD
QBR Datasources,QBR - Customer Lives Datasource,TRANSFORMED_LAYER,VISUALIZATION,VW_CUSTOMER_TOTAL_LIVES,snowflake,SCRIPTAETL,PASSWORD
QBR Datasources,QBR - Login and Registration Data,TRANSFORMED_LAYER,VISUALIZATION,VW_CUSTOMER_DATE_AVAILABILITY,snowflake,SCRIPTAETL,PASSWORD
QBR Datasources,QBR - Login and Registration Data,TRANSFORMED_LAYER,VISUALIZATION,VW_MONTHLY_LOGIN_AND_REGISTRATION_DATA,snowflake,SCRIPTAETL,PASSWORD
QBR Datasources,QBR - Login and Registration Data,TRANSFORMED_LAYER,VISUALIZATION,VW_CUSTOMER_DATE_AVAILABILITY,snowflake,SCRIPTAETL,PASSWORD
QBR Datasources,QBR - Login and Registration Data,TRANSFORMED_LAYER,VISUALIZATION,VW_MONTHLY_LOGIN_AND_REGISTRATION_DATA,snowflake,SCRIPTAETL,PASSWORD
QBR Datasources,QBR - Login and Registration Data,TRANSFORMED_LAYER,VISUALIZATION,VW_CUSTOMER_DATE_AVAILABILITY,snowflake,SCRIPTAETL,PASSWORD
QBR Datasources,QBR - Login and Registration Data,TRANSFORMED_LAYER,VISUALIZATION,VW_MONTHLY_LOGIN_AND_REGISTRATION_DATA,snowflake,SCRIPTAETL,PASSWORD
QBR Datasources,QBR - Login and Registration Data,TRANSFORMED_LAYER,VISUALIZATION,VW_CUSTOMER_DATE_AVAILABILITY,snowflake,SCRIPTAETL,PASSWORD
QBR Datasources,QBR - Login and Registration Data,TRANSFORMED_LAYER,VISUALIZATION,VW_MONTHLY_LOGIN_AND_REGISTRATION_DATA,snowflake,SCRIPTAETL,PASSWORD
QBR Datasources,QBR - Login and Registration Data,TRANSFORMED_LAYER,VISUALIZATION,VW_CUSTOMER_DATE_AVAILABILITY,snowflake,SCRIPTAETL,PASSWORD
QBR Datasources,QBR - Login and Registration Data,TRANSFORMED_LAYER,VISUALIZATION,VW_MONTHLY_LOGIN_AND_REGISTRATION_DATA,snowflake,SCRIPTAETL,PASSWORD
QBR Datasources,QBR - Login and Registration Data,TRANSFORMED_LAYER,VISUALIZATION,VW_CUSTOMER_DATE_AVAILABILITY,snowflake,SCRIPTAETL,PASSWORD
QBR Datasources,QBR - Login and Registration Data,TRANSFORMED_LAYER,VISUALIZATION,VW_MONTHLY_LOGIN_AND_REGISTRATION_DATA,snowflake,SCRIPTAETL,PASSWORD
QBR Datasources,QBR - Login and Registration Data,TRANSFORMED_LAYER,VISUALIZATION,VW_CUSTOMER_DATE_AVAILABILITY,snowflake,SCRIPTAETL,PASSWORD
QBR Datasources,QBR - Login and Registration Data,TRANSFORMED_LAYER,VISUALIZATION,VW_MONTHLY_LOGIN_AND_REGISTRATION_DATA,snowflake,SCRIPTAETL,PASSWORD
QBR Datasources,QBR - Login and Registration Data,TRANSFORMED_LAYER,VISUALIZATION,VW_CUSTOMER_DATE_AVAILABILITY,snowflake,SCRIPTAETL,PASSWORD
QBR Datasources,QBR - Login and Registration Data,TRANSFORMED_LAYER,VISUALIZATION,VW_MONTHLY_LOGIN_AND_REGISTRATION_DATA,snowflake,SCRIPTAETL,PASSWORD
QBR Datasources,QBR - Login and Registration Data,TRANSFORMED_LAYER,VISUALIZATION,VW_CUSTOMER_DATE_AVAILABILITY,snowflake,SCRIPTAETL,PASSWORD
QBR Datasources,QBR - Login and Registration Data,TRANSFORMED_LAYER,VISUALIZATION,VW_MONTHLY_LOGIN_AND_REGISTRATION_DATA,snowflake,SCRIPTAETL,PASSWORD
QBR Datasources,QBR - Member Communication Metadata Data Set,TRANSFORMED_LAYER,VISUALIZATION,VW_CUSTOMER_DATE_AVAILABILITY,snowflake,SCRIPTAETL,PASSWORD
QBR Datasources,QBR - Member Communication Metadata Data Set,TRANSFORMED_LAYER,VISUALIZATION,VW_MEMBER_COMMUNICATION_OPTIONS,snowflake,SCRIPTAETL,PASSWORD
QBR Datasources,QBR - Member Communication Metadata Data Set,TRANSFORMED_LAYER,VISUALIZATION,VW_CUSTOMER_DATE_AVAILABILITY,snowflake,SCRIPTAETL,PASSWORD
QBR Datasources,QBR - Member Communication Metadata Data Set,TRANSFORMED_LAYER,VISUALIZATION,VW_MEMBER_COMMUNICATION_OPTIONS,snowflake,SCRIPTAETL,PASSWORD
QBR Datasources,QBR - Member Communication Metadata Data Set,TRANSFORMED_LAYER,VISUALIZATION,VW_CUSTOMER_DATE_AVAILABILITY,snowflake,SCRIPTAETL,PASSWORD
QBR Datasources,QBR - Member Communication Metadata Data Set,TRANSFORMED_LAYER,VISUALIZATION,VW_MEMBER_COMMUNICATION_OPTIONS,snowflake,SCRIPTAETL,PASSWORD
QBR Datasources,QBR - Member Communication Metadata Data Set,TRANSFORMED_LAYER,VISUALIZATION,VW_CUSTOMER_DATE_AVAILABILITY,snowflake,SCRIPTAETL,PASSWORD
QBR Datasources,QBR - Member Communication Metadata Data Set,TRANSFORMED_LAYER,VISUALIZATION,VW_MEMBER_COMMUNICATION_OPTIONS,snowflake,SCRIPTAETL,PASSWORD
QBR Datasources,QBR - Member Communication Metadata Data Set,TRANSFORMED_LAYER,VISUALIZATION,VW_CUSTOMER_DATE_AVAILABILITY,snowflake,SCRIPTAETL,PASSWORD
QBR Datasources,QBR - Member Communication Metadata Data Set,TRANSFORMED_LAYER,VISUALIZATION,VW_MEMBER_COMMUNICATION_OPTIONS,snowflake,SCRIPTAETL,PASSWORD
QBR Datasources,QBR - Member Communication Metadata Data Set,TRANSFORMED_LAYER,VISUALIZATION,VW_CUSTOMER_DATE_AVAILABILITY,snowflake,SCRIPTAETL,PASSWORD
QBR Datasources,QBR - Member Communication Metadata Data Set,TRANSFORMED_LAYER,VISUALIZATION,VW_MEMBER_COMMUNICATION_OPTIONS,snowflake,SCRIPTAETL,PASSWORD
QBR Datasources,QBR - Member Communication Metadata Data Set,TRANSFORMED_LAYER,VISUALIZATION,VW_CUSTOMER_DATE_AVAILABILITY,snowflake,SCRIPTAETL,PASSWORD
QBR Datasources,QBR - Member Communication Metadata Data Set,TRANSFORMED_LAYER,VISUALIZATION,VW_MEMBER_COMMUNICATION_OPTIONS,snowflake,SCRIPTAETL,PASSWORD
QBR Datasources,QBR - Member Opportunity Savings Dataset,TRANSFORMED_LAYER,VISUALIZATION,VW_CUSTOMER_DATE_AVAILABILITY,snowflake,SCRIPTAETL,PASSWORD
QBR Datasources,QBR - Member Opportunity Savings Dataset,TRANSFORMED_LAYER,VISUALIZATION,VW_MEMBER_OPPORTUNITIES_WITH_BEST_SAVER_IDENTIFIED,snowflake,SCRIPTAETL,PASSWORD
QBR Datasources,QBR - Member Opportunity Savings Dataset,TRANSFORMED_LAYER,VISUALIZATION,VW_CUSTOMER_DATE_AVAILABILITY,snowflake,SCRIPTAETL,PASSWORD
QBR Datasources,QBR - Member Opportunity Savings Dataset,TRANSFORMED_LAYER,VISUALIZATION,VW_MEMBER_OPPORTUNITIES_WITH_BEST_SAVER_IDENTIFIED,snowflake,SCRIPTAETL,PASSWORD
QBR Datasources,QBR - Member Opportunity Savings Dataset,TRANSFORMED_LAYER,VISUALIZATION,VW_CUSTOMER_DATE_AVAILABILITY,snowflake,SCRIPTAETL,PASSWORD
QBR Datasources,QBR - Member Opportunity Savings Dataset,TRANSFORMED_LAYER,VISUALIZATION,VW_MEMBER_OPPORTUNITIES_WITH_BEST_SAVER_IDENTIFIED,snowflake,SCRIPTAETL,PASSWORD
QBR Datasources,QBR - Member Opportunity Savings Dataset,TRANSFORMED_LAYER,VISUALIZATION,VW_CUSTOMER_DATE_AVAILABILITY,snowflake,SCRIPTAETL,PASSWORD
QBR Datasources,QBR - Member Opportunity Savings Dataset,TRANSFORMED_LAYER,VISUALIZATION,VW_MEMBER_OPPORTUNITIES_WITH_BEST_SAVER_IDENTIFIED,snowflake,SCRIPTAETL,PASSWORD
QBR Datasources,QBR - Member Opportunity Savings Dataset,TRANSFORMED_LAYER,VISUALIZATION,VW_CUSTOMER_DATE_AVAILABILITY,snowflake,SCRIPTAETL,PASSWORD
QBR Datasources,QBR - Member Opportunity Savings Dataset,TRANSFORMED_LAYER,VISUALIZATION,VW_MEMBER_OPPORTUNITIES_WITH_BEST_SAVER_IDENTIFIED,snowflake,SCRIPTAETL,PASSWORD
QBR Datasources,QBR - Member Opportunity Savings Dataset,TRANSFORMED_LAYER,VISUALIZATION,VW_CUSTOMER_DATE_AVAILABILITY,snowflake,SCRIPTAETL,PASSWORD
QBR Datasources,QBR - Member Opportunity Savings Dataset,TRANSFORMED_LAYER,VISUALIZATION,VW_MEMBER_OPPORTUNITIES_WITH_BEST_SAVER_IDENTIFIED,snowflake,SCRIPTAETL,PASSWORD
QBR Datasources,QBR - Member Opportunity Savings Dataset,TRANSFORMED_LAYER,VISUALIZATION,VW_CUSTOMER_DATE_AVAILABILITY,snowflake,SCRIPTAETL,PASSWORD
QBR Datasources,QBR - Member Opportunity Savings Dataset,TRANSFORMED_LAYER,VISUALIZATION,VW_MEMBER_OPPORTUNITIES_WITH_BEST_SAVER_IDENTIFIED,snowflake,SCRIPTAETL,PASSWORD
QBR Datasources,QBR - Member Opportunity Savings Dataset,TRANSFORMED_LAYER,VISUALIZATION,VW_CUSTOMER_DATE_AVAILABILITY,snowflake,SCRIPTAETL,PASSWORD
QBR Datasources,QBR - Member Opportunity Savings Dataset,TRANSFORMED_LAYER,VISUALIZATION,VW_MEMBER_OPPORTUNITIES_WITH_BEST_SAVER_IDENTIFIED,snowflake,SCRIPTAETL,PASSWORD
QBR Datasources,QBR - Member Opportunity Savings Dataset,TRANSFORMED_LAYER,VISUALIZATION,VW_CUSTOMER_DATE_AVAILABILITY,snowflake,SCRIPTAETL,PASSWORD
QBR Datasources,QBR - Member Opportunity Savings Dataset,TRANSFORMED_LAYER,VISUALIZATION,VW_MEMBER_OPPORTUNITIES_WITH_BEST_SAVER_IDENTIFIED,snowflake,SCRIPTAETL,PASSWORD
QBR Datasources,QBR - Member Savings Dataset,TRANSFORMED_LAYER,VISUALIZATION,VW_REALIZED_SAVINGS_WITH_EMPLOYEE_DATA,snowflake,SCRIPTAETL,PASSWORD
QBR Datasources,QBR - Member Savings Dataset,TRANSFORMED_LAYER,VISUALIZATION,VW_CUSTOMER_DATE_AVAILABILITY_WITH_ROI_PERIODS,snowflake,SCRIPTAETL,PASSWORD
QBR Datasources,QBR - Member Savings Dataset,TRANSFORMED_LAYER,VISUALIZATION,VW_REALIZED_SAVINGS_WITH_EMPLOYEE_DATA,snowflake,SCRIPTAETL,PASSWORD
QBR Datasources,QBR - Member Savings Dataset,TRANSFORMED_LAYER,VISUALIZATION,VW_CUSTOMER_DATE_AVAILABILITY_WITH_ROI_PERIODS,snowflake,SCRIPTAETL,PASSWORD
QBR Datasources,QBR - Member Savings Dataset,TRANSFORMED_LAYER,VISUALIZATION,VW_REALIZED_SAVINGS_WITH_EMPLOYEE_DATA,snowflake,SCRIPTAETL,PASSWORD
QBR Datasources,QBR - Member Savings Dataset,TRANSFORMED_LAYER,VISUALIZATION,VW_CUSTOMER_DATE_AVAILABILITY_WITH_ROI_PERIODS,snowflake,SCRIPTAETL,PASSWORD
QBR Datasources,QBR - Member Savings Dataset,TRANSFORMED_LAYER,VISUALIZATION,VW_REALIZED_SAVINGS_WITH_EMPLOYEE_DATA,snowflake,SCRIPTAETL,PASSWORD
QBR Datasources,QBR - Member Savings Dataset,TRANSFORMED_LAYER,VISUALIZATION,VW_CUSTOMER_DATE_AVAILABILITY_WITH_ROI_PERIODS,snowflake,SCRIPTAETL,PASSWORD
QBR Datasources,QBR - Member Savings Dataset,TRANSFORMED_LAYER,VISUALIZATION,VW_REALIZED_SAVINGS_WITH_EMPLOYEE_DATA,snowflake,SCRIPTAETL,PASSWORD
QBR Datasources,QBR - Member Savings Dataset,TRANSFORMED_LAYER,VISUALIZATION,VW_CUSTOMER_DATE_AVAILABILITY_WITH_ROI_PERIODS,snowflake,SCRIPTAETL,PASSWORD
QBR Datasources,QBR - Member Savings Dataset,TRANSFORMED_LAYER,VISUALIZATION,VW_REALIZED_SAVINGS_WITH_EMPLOYEE_DATA,snowflake,SCRIPTAETL,PASSWORD
QBR Datasources,QBR - Member Savings Dataset,TRANSFORMED_LAYER,VISUALIZATION,VW_CUSTOMER_DATE_AVAILABILITY_WITH_ROI_PERIODS,snowflake,SCRIPTAETL,PASSWORD
QBR Datasources,QBR - Member Savings Dataset,TRANSFORMED_LAYER,VISUALIZATION,VW_REALIZED_SAVINGS_WITH_EMPLOYEE_DATA,snowflake,SCRIPTAETL,PASSWORD
QBR Datasources,QBR - Member Savings Dataset,TRANSFORMED_LAYER,VISUALIZATION,VW_CUSTOMER_DATE_AVAILABILITY_WITH_ROI_PERIODS,snowflake,SCRIPTAETL,PASSWORD
QBR Datasources,QBR - Member Savings Dataset,TRANSFORMED_LAYER,VISUALIZATION,VW_REALIZED_SAVINGS_WITH_EMPLOYEE_DATA,snowflake,SCRIPTAETL,PASSWORD
QBR Datasources,QBR - Member Savings Dataset,TRANSFORMED_LAYER,VISUALIZATION,VW_CUSTOMER_DATE_AVAILABILITY_WITH_ROI_PERIODS,snowflake,SCRIPTAETL,PASSWORD
QBR Datasources,QBR - Member Savings Opportunity Dataset - Child Company Location,TRANSFORMED_LAYER,VISUALIZATION,VW_CUSTOMER_DATE_AVAILABILITY,snowflake,SCRIPTAETL,PASSWORD
QBR Datasources,QBR - Member Savings Opportunity Dataset - Child Company Location,TRANSFORMED_LAYER,VISUALIZATION,VW_MEMBER_OPPORTUNITIES_WITH_BEST_SAVER_IDENTIFIED_WTIH_CHILD_COMPANY_LOCATION,snowflake,SCRIPTAETL,PASSWORD
QBR Datasources,QBR - Member Utilization Breakdown,TRANSFORMED_LAYER,VISUALIZATION,VW_CUSTOMER_DATE_AVAILABILITY,snowflake,SCRIPTAETL,PASSWORD
QBR Datasources,QBR - Member Utilization Breakdown,TRANSFORMED_LAYER,VISUALIZATION,VW_UTILIZATION_BREAKDOWN_QBR,snowflake,SCRIPTAETL,PASSWORD
QBR Datasources,QBR - Member Utilization Breakdown,TRANSFORMED_LAYER,VISUALIZATION,VW_CUSTOMER_DATE_AVAILABILITY,snowflake,SCRIPTAETL,PASSWORD
QBR Datasources,QBR - Member Utilization Breakdown,TRANSFORMED_LAYER,VISUALIZATION,VW_UTILIZATION_BREAKDOWN_QBR,snowflake,SCRIPTAETL,PASSWORD
QBR Datasources,QBR - Member Utilization Breakdown,TRANSFORMED_LAYER,VISUALIZATION,VW_CUSTOMER_DATE_AVAILABILITY,snowflake,SCRIPTAETL,PASSWORD
QBR Datasources,QBR - Member Utilization Breakdown,TRANSFORMED_LAYER,VISUALIZATION,VW_UTILIZATION_BREAKDOWN_QBR,snowflake,SCRIPTAETL,PASSWORD
QBR Datasources,QBR - Member Utilization Breakdown,TRANSFORMED_LAYER,VISUALIZATION,VW_CUSTOMER_DATE_AVAILABILITY,snowflake,SCRIPTAETL,PASSWORD
QBR Datasources,QBR - Member Utilization Breakdown,TRANSFORMED_LAYER,VISUALIZATION,VW_UTILIZATION_BREAKDOWN_QBR,snowflake,SCRIPTAETL,PASSWORD
QBR Datasources,QBR - Member Utilization Breakdown,TRANSFORMED_LAYER,VISUALIZATION,VW_CUSTOMER_DATE_AVAILABILITY,snowflake,SCRIPTAETL,PASSWORD
QBR Datasources,QBR - Member Utilization Breakdown,TRANSFORMED_LAYER,VISUALIZATION,VW_UTILIZATION_BREAKDOWN_QBR,snowflake,SCRIPTAETL,PASSWORD
QBR Datasources,QBR - Member Utilization Breakdown,TRANSFORMED_LAYER,VISUALIZATION,VW_CUSTOMER_DATE_AVAILABILITY,snowflake,SCRIPTAETL,PASSWORD
QBR Datasources,QBR - Member Utilization Breakdown,TRANSFORMED_LAYER,VISUALIZATION,VW_UTILIZATION_BREAKDOWN_QBR,snowflake,SCRIPTAETL,PASSWORD
QBR Datasources,QBR - Member Utilization Breakdown,TRANSFORMED_LAYER,VISUALIZATION,VW_CUSTOMER_DATE_AVAILABILITY,snowflake,SCRIPTAETL,PASSWORD
QBR Datasources,QBR - Member Utilization Breakdown,TRANSFORMED_LAYER,VISUALIZATION,VW_UTILIZATION_BREAKDOWN_QBR,snowflake,SCRIPTAETL,PASSWORD
QBR Datasources,QBR - Monthly Customer Communications,TRANSFORMED_LAYER,VISUALIZATION,VW_CUSTOMER_DATE_AVAILABILITY,snowflake,SCRIPTAETL,PASSWORD
QBR Datasources,QBR - Monthly Customer Communications,TRANSFORMED_LAYER,VISUALIZATION,VW_MONTHLY_CUSTOMER_COMMUNICATIONS,snowflake,SCRIPTAETL,PASSWORD
QBR Datasources,QBR - Monthly Customer Communications,TRANSFORMED_LAYER,VISUALIZATION,VW_CUSTOMER_DATE_AVAILABILITY,snowflake,SCRIPTAETL,PASSWORD
QBR Datasources,QBR - Monthly Customer Communications,TRANSFORMED_LAYER,VISUALIZATION,VW_MONTHLY_CUSTOMER_COMMUNICATIONS,snowflake,SCRIPTAETL,PASSWORD
QBR Datasources,QBR - Monthly Customer Communications,TRANSFORMED_LAYER,VISUALIZATION,VW_CUSTOMER_DATE_AVAILABILITY,snowflake,SCRIPTAETL,PASSWORD
QBR Datasources,QBR - Monthly Customer Communications,TRANSFORMED_LAYER,VISUALIZATION,VW_MONTHLY_CUSTOMER_COMMUNICATIONS,snowflake,SCRIPTAETL,PASSWORD
QBR Datasources,QBR - Monthly Customer Communications,TRANSFORMED_LAYER,VISUALIZATION,VW_CUSTOMER_DATE_AVAILABILITY,snowflake,SCRIPTAETL,PASSWORD
QBR Datasources,QBR - Monthly Customer Communications,TRANSFORMED_LAYER,VISUALIZATION,VW_MONTHLY_CUSTOMER_COMMUNICATIONS,snowflake,SCRIPTAETL,PASSWORD
QBR Datasources,QBR - Monthly Customer Communications,TRANSFORMED_LAYER,VISUALIZATION,VW_CUSTOMER_DATE_AVAILABILITY,snowflake,SCRIPTAETL,PASSWORD
QBR Datasources,QBR - Monthly Customer Communications,TRANSFORMED_LAYER,VISUALIZATION,VW_MONTHLY_CUSTOMER_COMMUNICATIONS,snowflake,SCRIPTAETL,PASSWORD
QBR Datasources,QBR - Monthly Customer Communications,TRANSFORMED_LAYER,VISUALIZATION,VW_CUSTOMER_DATE_AVAILABILITY,snowflake,SCRIPTAETL,PASSWORD
QBR Datasources,QBR - Monthly Customer Communications,TRANSFORMED_LAYER,VISUALIZATION,VW_MONTHLY_CUSTOMER_COMMUNICATIONS,snowflake,SCRIPTAETL,PASSWORD
QBR Datasources,QBR - Monthly Customer Communications,TRANSFORMED_LAYER,VISUALIZATION,VW_CUSTOMER_DATE_AVAILABILITY,snowflake,SCRIPTAETL,PASSWORD
QBR Datasources,QBR - Monthly Customer Communications,TRANSFORMED_LAYER,VISUALIZATION,VW_MONTHLY_CUSTOMER_COMMUNICATIONS,snowflake,SCRIPTAETL,PASSWORD
QBR Datasources,QBR - Number Of Members By Number Of Opportunities,TRANSFORMED_LAYER,VISUALIZATION,VW_CUSTOMER_DATE_AVAILABILITY,snowflake,SCRIPTAETL,PASSWORD
QBR Datasources,QBR - Number Of Members By Number Of Opportunities,TRANSFORMED_LAYER,VISUALIZATION,VW_NUMBER_OF_MEMBERS_AND_CLAIMS_BY_MONTH,snowflake,SCRIPTAETL,PASSWORD
QBR Datasources,QBR - Number Of Members By Number Of Opportunities,TRANSFORMED_LAYER,VISUALIZATION,VW_CUSTOMER_DATE_AVAILABILITY,snowflake,SCRIPTAETL,PASSWORD
QBR Datasources,QBR - Number Of Members By Number Of Opportunities,TRANSFORMED_LAYER,VISUALIZATION,VW_NUMBER_OF_MEMBERS_AND_CLAIMS_BY_MONTH,snowflake,SCRIPTAETL,PASSWORD
QBR Datasources,QBR - Number Of Members By Number Of Opportunities,TRANSFORMED_LAYER,VISUALIZATION,VW_CUSTOMER_DATE_AVAILABILITY,snowflake,SCRIPTAETL,PASSWORD
QBR Datasources,QBR - Number Of Members By Number Of Opportunities,TRANSFORMED_LAYER,VISUALIZATION,VW_NUMBER_OF_MEMBERS_AND_CLAIMS_BY_MONTH,snowflake,SCRIPTAETL,PASSWORD
QBR Datasources,QBR - Number Of Members By Number Of Opportunities,TRANSFORMED_LAYER,VISUALIZATION,VW_CUSTOMER_DATE_AVAILABILITY,snowflake,SCRIPTAETL,PASSWORD
QBR Datasources,QBR - Number Of Members By Number Of Opportunities,TRANSFORMED_LAYER,VISUALIZATION,VW_NUMBER_OF_MEMBERS_AND_CLAIMS_BY_MONTH,snowflake,SCRIPTAETL,PASSWORD
QBR Datasources,QBR - Number Of Members By Number Of Opportunities,TRANSFORMED_LAYER,VISUALIZATION,VW_CUSTOMER_DATE_AVAILABILITY,snowflake,SCRIPTAETL,PASSWORD
QBR Datasources,QBR - Number Of Members By Number Of Opportunities,TRANSFORMED_LAYER,VISUALIZATION,VW_NUMBER_OF_MEMBERS_AND_CLAIMS_BY_MONTH,snowflake,SCRIPTAETL,PASSWORD
QBR Datasources,QBR - Number Of Members By Number Of Opportunities,TRANSFORMED_LAYER,VISUALIZATION,VW_CUSTOMER_DATE_AVAILABILITY,snowflake,SCRIPTAETL,PASSWORD
QBR Datasources,QBR - Number Of Members By Number Of Opportunities,TRANSFORMED_LAYER,VISUALIZATION,VW_NUMBER_OF_MEMBERS_AND_CLAIMS_BY_MONTH,snowflake,SCRIPTAETL,PASSWORD
QBR Datasources,QBR - Number Of Members By Number Of Opportunities,TRANSFORMED_LAYER,VISUALIZATION,VW_CUSTOMER_DATE_AVAILABILITY,snowflake,SCRIPTAETL,PASSWORD
QBR Datasources,QBR - Number Of Members By Number Of Opportunities,TRANSFORMED_LAYER,VISUALIZATION,VW_NUMBER_OF_MEMBERS_AND_CLAIMS_BY_MONTH,snowflake,SCRIPTAETL,PASSWORD
QBR Datasources,QBR - Number Of Members By Number Of Opportunities,TRANSFORMED_LAYER,VISUALIZATION,VW_CUSTOMER_DATE_AVAILABILITY,snowflake,SCRIPTAETL,PASSWORD
QBR Datasources,QBR - Number Of Members By Number Of Opportunities,TRANSFORMED_LAYER,VISUALIZATION,VW_NUMBER_OF_MEMBERS_AND_CLAIMS_BY_MONTH,snowflake,SCRIPTAETL,PASSWORD
QBR Datasources,QBR - Number Of Members By Number Of Opportunities,TRANSFORMED_LAYER,VISUALIZATION,VW_CUSTOMER_DATE_AVAILABILITY,snowflake,SCRIPTAETL,PASSWORD
QBR Datasources,QBR - Number Of Members By Number Of Opportunities,TRANSFORMED_LAYER,VISUALIZATION,VW_NUMBER_OF_MEMBERS_AND_CLAIMS_BY_MONTH,snowflake,SCRIPTAETL,PASSWORD
QBR Datasources,QBR - Pharmacy Spend Data,TRANSFORMED_LAYER,VISUALIZATION,VW_CUSTOMER_DATE_AVAILABILITY_WITH_ROI_PERIODS,snowflake,SCRIPTAETL,PASSWORD
QBR Datasources,QBR - Pharmacy Spend Data,TRANSFORMED_LAYER,VISUALIZATION,VW_PHARMACY_SPEND_AND_SAVE,snowflake,SCRIPTAETL,PASSWORD
QBR Datasources,QBR - Pharmacy Spend Data,TRANSFORMED_LAYER,VISUALIZATION,VW_CUSTOMER_DATE_AVAILABILITY_WITH_ROI_PERIODS,snowflake,SCRIPTAETL,PASSWORD
QBR Datasources,QBR - Pharmacy Spend Data,TRANSFORMED_LAYER,VISUALIZATION,VW_PHARMACY_SPEND_AND_SAVE,snowflake,SCRIPTAETL,PASSWORD
QBR Datasources,QBR - Pharmacy Spend Data,TRANSFORMED_LAYER,VISUALIZATION,VW_CUSTOMER_DATE_AVAILABILITY_WITH_ROI_PERIODS,snowflake,SCRIPTAETL,PASSWORD
QBR Datasources,QBR - Pharmacy Spend Data,TRANSFORMED_LAYER,VISUALIZATION,VW_PHARMACY_SPEND_AND_SAVE,snowflake,SCRIPTAETL,PASSWORD
QBR Datasources,QBR - Pharmacy Spend Data,TRANSFORMED_LAYER,VISUALIZATION,VW_CUSTOMER_DATE_AVAILABILITY_WITH_ROI_PERIODS,snowflake,SCRIPTAETL,PASSWORD
QBR Datasources,QBR - Pharmacy Spend Data,TRANSFORMED_LAYER,VISUALIZATION,VW_PHARMACY_SPEND_AND_SAVE,snowflake,SCRIPTAETL,PASSWORD
QBR Datasources,QBR - Pharmacy Spend Data,TRANSFORMED_LAYER,VISUALIZATION,VW_CUSTOMER_DATE_AVAILABILITY_WITH_ROI_PERIODS,snowflake,SCRIPTAETL,PASSWORD
QBR Datasources,QBR - Pharmacy Spend Data,TRANSFORMED_LAYER,VISUALIZATION,VW_PHARMACY_SPEND_AND_SAVE,snowflake,SCRIPTAETL,PASSWORD
QBR Datasources,QBR - Pharmacy Spend Data,TRANSFORMED_LAYER,VISUALIZATION,VW_CUSTOMER_DATE_AVAILABILITY_WITH_ROI_PERIODS,snowflake,SCRIPTAETL,PASSWORD
QBR Datasources,QBR - Pharmacy Spend Data,TRANSFORMED_LAYER,VISUALIZATION,VW_PHARMACY_SPEND_AND_SAVE,snowflake,SCRIPTAETL,PASSWORD
QBR Datasources,QBR - Pharmacy Spend Data,TRANSFORMED_LAYER,VISUALIZATION,VW_CUSTOMER_DATE_AVAILABILITY_WITH_ROI_PERIODS,snowflake,SCRIPTAETL,PASSWORD
QBR Datasources,QBR - Pharmacy Spend Data,TRANSFORMED_LAYER,VISUALIZATION,VW_PHARMACY_SPEND_AND_SAVE,snowflake,SCRIPTAETL,PASSWORD
QBR Datasources,QBR - PMPM Spend Data Set,TRANSFORMED_LAYER,VISUALIZATION,VW_CUSTOMER_DATE_AVAILABILITY_WITH_ROI_PERIODS,snowflake,SCRIPTAETL,PASSWORD
QBR Datasources,QBR - PMPM Spend Data Set,TRANSFORMED_LAYER,VISUALIZATION,VW_PMPM_SPEND,snowflake,SCRIPTAETL,PASSWORD
QBR Datasources,QBR - PMPM Spend Data Set,TRANSFORMED_LAYER,VISUALIZATION,VW_CUSTOMER_DATE_AVAILABILITY_WITH_ROI_PERIODS,snowflake,SCRIPTAETL,PASSWORD
QBR Datasources,QBR - PMPM Spend Data Set,TRANSFORMED_LAYER,VISUALIZATION,VW_PMPM_SPEND,snowflake,SCRIPTAETL,PASSWORD
QBR Datasources,QBR - PMPM Spend Data Set,TRANSFORMED_LAYER,VISUALIZATION,VW_CUSTOMER_DATE_AVAILABILITY_WITH_ROI_PERIODS,snowflake,SCRIPTAETL,PASSWORD
QBR Datasources,QBR - PMPM Spend Data Set,TRANSFORMED_LAYER,VISUALIZATION,VW_PMPM_SPEND,snowflake,SCRIPTAETL,PASSWORD
QBR Datasources,QBR - PMPM Spend Data Set,TRANSFORMED_LAYER,VISUALIZATION,VW_CUSTOMER_DATE_AVAILABILITY_WITH_ROI_PERIODS,snowflake,SCRIPTAETL,PASSWORD
QBR Datasources,QBR - PMPM Spend Data Set,TRANSFORMED_LAYER,VISUALIZATION,VW_PMPM_SPEND,snowflake,SCRIPTAETL,PASSWORD
QBR Datasources,QBR - PMPM Spend Data Set,TRANSFORMED_LAYER,VISUALIZATION,VW_CUSTOMER_DATE_AVAILABILITY_WITH_ROI_PERIODS,snowflake,SCRIPTAETL,PASSWORD
QBR Datasources,QBR - PMPM Spend Data Set,TRANSFORMED_LAYER,VISUALIZATION,VW_PMPM_SPEND,snowflake,SCRIPTAETL,PASSWORD
QBR Datasources,QBR - PMPM Spend Data Set,TRANSFORMED_LAYER,VISUALIZATION,VW_CUSTOMER_DATE_AVAILABILITY_WITH_ROI_PERIODS,snowflake,SCRIPTAETL,PASSWORD
QBR Datasources,QBR - PMPM Spend Data Set,TRANSFORMED_LAYER,VISUALIZATION,VW_PMPM_SPEND,snowflake,SCRIPTAETL,PASSWORD
QBR Datasources,QBR - PMPM Spend Data Set,TRANSFORMED_LAYER,VISUALIZATION,VW_CUSTOMER_DATE_AVAILABILITY_WITH_ROI_PERIODS,snowflake,SCRIPTAETL,PASSWORD
QBR Datasources,QBR - PMPM Spend Data Set,TRANSFORMED_LAYER,VISUALIZATION,VW_PMPM_SPEND,snowflake,SCRIPTAETL,PASSWORD
QBR Datasources,QBR - Primary Data Source - Data Availability,TRANSFORMED_LAYER,VISUALIZATION,VW_CUSTOMER_DATE_AVAILABILITY_WITH_ROI_PERIODS,snowflake,SCRIPTAETL,PASSWORD
QBR Datasources,QBR - Primary Data Source - Data Availability,TRANSFORMED_LAYER,VISUALIZATION,VW_CUSTOMER_DATE_AVAILABILITY_WITH_ROI_PERIODS,snowflake,SCRIPTAETL,PASSWORD
QBR Datasources,QBR - Primary Data Source - Data Availability,TRANSFORMED_LAYER,VISUALIZATION,VW_CUSTOMER_DATE_AVAILABILITY_WITH_ROI_PERIODS,snowflake,SCRIPTAETL,PASSWORD
QBR Datasources,QBR - Primary Data Source - Data Availability,TRANSFORMED_LAYER,VISUALIZATION,VW_CUSTOMER_DATE_AVAILABILITY_WITH_ROI_PERIODS,snowflake,SCRIPTAETL,PASSWORD
QBR Datasources,QBR - Primary Data Source - Data Availability,TRANSFORMED_LAYER,VISUALIZATION,VW_CUSTOMER_DATE_AVAILABILITY_WITH_ROI_PERIODS,snowflake,SCRIPTAETL,PASSWORD
QBR Datasources,QBR - Primary Data Source - Data Availability,TRANSFORMED_LAYER,VISUALIZATION,VW_CUSTOMER_DATE_AVAILABILITY_WITH_ROI_PERIODS,snowflake,SCRIPTAETL,PASSWORD
QBR Datasources,QBR - ROI Period Datasource,TRANSFORMED_LAYER,VISUALIZATION,VW_CUSTOMER_DATE_AVAILABILITY,snowflake,SCRIPTAETL,PASSWORD
QBR Datasources,QBR - ROI Period Datasource,TRANSFORMED_LAYER,VISUALIZATION,VW_CUSTOMER_ROI_PERIOD_DATA,snowflake,SCRIPTAETL,PASSWORD
QBR Datasources,QBR - Utilization Ratios Datasource,TRANSFORMED_LAYER,VISUALIZATION,VW_CUSTOMER_DATE_AVAILABILITY,snowflake,SCRIPTAETL,PASSWORD
QBR Datasources,QBR - Utilization Ratios Datasource,TRANSFORMED_LAYER,VISUALIZATION,VW_CUSTOMER_UTILIZER_RATIOS,snowflake,SCRIPTAETL,PASSWORD
QBR Datasources,QBR - Utilization Ratios Datasource,TRANSFORMED_LAYER,VISUALIZATION,VW_CUSTOMER_DATE_AVAILABILITY,snowflake,SCRIPTAETL,PASSWORD
QBR Datasources,QBR - Utilization Ratios Datasource,TRANSFORMED_LAYER,VISUALIZATION,VW_CUSTOMER_UTILIZER_RATIOS,snowflake,SCRIPTAETL,PASSWORD
QBR Datasources,QBR - Utilization Ratios Datasource,TRANSFORMED_LAYER,VISUALIZATION,VW_CUSTOMER_DATE_AVAILABILITY,snowflake,SCRIPTAETL,PASSWORD
QBR Datasources,QBR - Utilization Ratios Datasource,TRANSFORMED_LAYER,VISUALIZATION,VW_CUSTOMER_UTILIZER_RATIOS,snowflake,SCRIPTAETL,PASSWORD
QBR Datasources,QBR - Utilization Ratios Datasource,TRANSFORMED_LAYER,VISUALIZATION,VW_CUSTOMER_DATE_AVAILABILITY,snowflake,SCRIPTAETL,PASSWORD
QBR Datasources,QBR - Utilization Ratios Datasource,TRANSFORMED_LAYER,VISUALIZATION,VW_CUSTOMER_UTILIZER_RATIOS,snowflake,SCRIPTAETL,PASSWORD
QBR Datasources,QBR - Utilization Ratios Datasource,TRANSFORMED_LAYER,VISUALIZATION,VW_CUSTOMER_DATE_AVAILABILITY,snowflake,SCRIPTAETL,PASSWORD
QBR Datasources,QBR - Utilization Ratios Datasource,TRANSFORMED_LAYER,VISUALIZATION,VW_CUSTOMER_UTILIZER_RATIOS,snowflake,SCRIPTAETL,PASSWORD
QBR Datasources,QBR - Utilization Ratios Datasource,TRANSFORMED_LAYER,VISUALIZATION,VW_CUSTOMER_DATE_AVAILABILITY,snowflake,SCRIPTAETL,PASSWORD
QBR Datasources,QBR - Utilization Ratios Datasource,TRANSFORMED_LAYER,VISUALIZATION,VW_CUSTOMER_UTILIZER_RATIOS,snowflake,SCRIPTAETL,PASSWORD
QBR Datasources,QBR - Utilization Ratios Datasource,TRANSFORMED_LAYER,VISUALIZATION,VW_CUSTOMER_DATE_AVAILABILITY,snowflake,SCRIPTAETL,PASSWORD
QBR Datasources,QBR - Utilization Ratios Datasource,TRANSFORMED_LAYER,VISUALIZATION,VW_CUSTOMER_UTILIZER_RATIOS,snowflake,SCRIPTAETL,PASSWORD
QBR Datasources,QBR - Utilization Ratios Datasource,TRANSFORMED_LAYER,VISUALIZATION,VW_CUSTOMER_DATE_AVAILABILITY,snowflake,SCRIPTAETL,PASSWORD
QBR Datasources,QBR - Utilization Ratios Datasource,TRANSFORMED_LAYER,VISUALIZATION,VW_CUSTOMER_UTILIZER_RATIOS,snowflake,SCRIPTAETL,PASSWORD
QBR Datasources,QBR - Utilization Ratios Datasource,TRANSFORMED_LAYER,VISUALIZATION,VW_CUSTOMER_UTILIZER_RATIOS,snowflake,SCRIPTAETL,PASSWORD
QBR Datasources,QBR - Utilization Ratios Datasource,TRANSFORMED_LAYER,VISUALIZATION,VW_CUSTOMER_DATE_AVAILABILITY,snowflake,SCRIPTAETL,PASSWORD
QBR Datasources,QBR - Utilization Ratios Datasource,TRANSFORMED_LAYER,VISUALIZATION,VW_CUSTOMER_UTILIZER_RATIOS,snowflake,SCRIPTAETL,PASSWORD
Drill Down Datasources,New Utilizers Drill Down Report Datasource,TRANSFORMED_LAYER,DRILL_DOWN_REPORTS,VW_NEW_UTILIZERS_DRILL_DOWN,snowflake,SCRIPTAETL,PASSWORD
Drill Down Datasources,New Utilizers Drill Down Report Datasource,TRANSFORMED_LAYER,DRILL_DOWN_REPORTS,VW_NEW_UTILIZERS_DRILL_DOWN,snowflake,SCRIPTAETL,PASSWORD
Drill Down Datasources,New Utilizers Drill Down Report Datasource,TRANSFORMED_LAYER,DRILL_DOWN_REPORTS,VW_NEW_UTILIZERS_DRILL_DOWN,snowflake,SCRIPTAETL,PASSWORD
In Progress Visualizations,Dynamic Filter DataSource,TRANSFORMED_LAYER,VISUALIZATION,VW_CUSTOMER_DATE_AVAILABILITY_WITH_ROI_PERIODS,snowflake,SCRIPTAETL,PASSWORD
In Progress Visualizations,Dynamic Filter DataSource,TRANSFORMED_LAYER,VISUALIZATION,VW_MEMBER_OPPORTUNITIES_WITH_BEST_SAVER_IDENTIFIED,snowflake,SCRIPTAETL,PASSWORD
In Progress Visualizations,Dynamic Filter DataSource,TRANSFORMED_LAYER,VISUALIZATION,TABLEAU_USERS_TEST,snowflake,SCRIPTAETL,PASSWORD
TEMP DATASOURCES,Lagging-Claims-Realized-Savings-Dataset,STAGING_LAYER,TEMP,VW_CUSTOMER_DATE_AVAILABILITY_WITH_ROI_PERIODS,snowflake,SCRIPTAETL,PASSWORD
TEMP DATASOURCES,Lagging-Claims-Realized-Savings-Dataset,STAGING_LAYER,TEMP,VW_REALIZED_SAVINGS_WITH_EMPLOYEE_DATA_FOR_LAGGED_CLAIMS,snowflake,SCRIPTAETL,PASSWORD
TEMP DATASOURCES,Lagging-Claims-Realized-Savings-Dataset,STAGING_LAYER,TEMP,VW_CUSTOMER_DATE_AVAILABILITY_WITH_ROI_PERIODS,snowflake,SCRIPTAETL,PASSWORD
TEMP DATASOURCES,Lagging-Claims-Realized-Savings-Dataset,STAGING_LAYER,TEMP,VW_REALIZED_SAVINGS_WITH_EMPLOYEE_DATA_FOR_LAGGED_CLAIMS,snowflake,SCRIPTAETL,PASSWORD
Drill Down Datasources,VW_REALIZED_SAVINGS_WITH_EMPLOYEE_DATA (TRANSFORMED_LAYER.VW_REALIZED_SAVINGS_WITH_EMPLOYEE_DATA) (VISUALIZATION),TRANSFORMED_LAYER,VISUALIZATION,VW_REALIZED_SAVINGS_WITH_EMPLOYEE_DATA,snowflake,SCRIPTAETL,PASSWORD
Drill Down Datasources,VW_REALIZED_SAVINGS_WITH_EMPLOYEE_DATA (TRANSFORMED_LAYER.VW_REALIZED_SAVINGS_WITH_EMPLOYEE_DATA) (VISUALIZATION),TRANSFORMED_LAYER,VISUALIZATION,VW_REALIZED_SAVINGS_WITH_EMPLOYEE_DATA,snowflake,SCRIPTAETL,PASSWORD
Drill Down Datasources,VW_REALIZED_SAVINGS_WITH_EMPLOYEE_DATA (TRANSFORMED_LAYER.VW_REALIZED_SAVINGS_WITH_EMPLOYEE_DATA) (VISUALIZATION),TRANSFORMED_LAYER,VISUALIZATION,VW_REALIZED_SAVINGS_WITH_EMPLOYEE_DATA,snowflake,SCRIPTAETL,PASSWORD
Amazon QBR Datasources,Amazon QBR - Claims and Spend Dataset,TRANSFORMED_LAYER,AMAZON,VW_CUSTOMER_DATE_AVAILABILITY_WITH_ROI_PERIODS,snowflake,SCRIPTAETL,PASSWORD
Amazon QBR Datasources,Amazon QBR - Claims and Spend Dataset,TRANSFORMED_LAYER,AMAZON,VW_CLAIMS_AND_SPENDS,snowflake,SCRIPTAETL,PASSWORD
Amazon QBR Datasources,Amazon QBR - Claims and Spend Dataset,TRANSFORMED_LAYER,AMAZON,VW_CUSTOMER_DATE_AVAILABILITY_WITH_ROI_PERIODS,snowflake,SCRIPTAETL,PASSWORD
Amazon QBR Datasources,Amazon QBR - Claims and Spend Dataset,TRANSFORMED_LAYER,AMAZON,VW_CLAIMS_AND_SPENDS,snowflake,SCRIPTAETL,PASSWORD
Amazon QBR Datasources,Amazon QBR - Login and Registration Dataset,TRANSFORMED_LAYER,AMAZON,VW_CUSTOMER_DATE_AVAILABILITY_WITH_ROI_PERIODS,snowflake,SCRIPTAETL,PASSWORD
Amazon QBR Datasources,Amazon QBR - Login and Registration Dataset,TRANSFORMED_LAYER,AMAZON,VW_CUSTOMER_DATE_AVAILABILITY_WITH_ROI_PERIODS,snowflake,SCRIPTAETL,PASSWORD
Amazon QBR Datasources,Amazon QBR - Member Communication Metadata Dataset,TRANSFORMED_LAYER,AMAZON,VW_MEMBER_COMMUNICATION_OPTIONS,snowflake,SCRIPTAETL,PASSWORD
Amazon QBR Datasources,Amazon QBR - Member Communication Metadata Dataset,TRANSFORMED_LAYER,AMAZON,VW_CUSTOMER_DATE_AVAILABILITY_WITH_ROI_PERIODS,snowflake,SCRIPTAETL,PASSWORD
Amazon QBR Datasources,Amazon QBR - Member Communication Metadata Dataset,TRANSFORMED_LAYER,AMAZON,VW_MEMBER_COMMUNICATION_OPTIONS,snowflake,SCRIPTAETL,PASSWORD
Amazon QBR Datasources,Amazon QBR - Member Communication Metadata Dataset,TRANSFORMED_LAYER,AMAZON,VW_CUSTOMER_DATE_AVAILABILITY_WITH_ROI_PERIODS,snowflake,SCRIPTAETL,PASSWORD
Amazon QBR Datasources,Amazon QBR - Member Opportunity Savings Dataset,TRANSFORMED_LAYER,AMAZON,VW_CUSTOMER_DATE_AVAILABILITY_WITH_ROI_PERIODS,snowflake,SCRIPTAETL,PASSWORD
Amazon QBR Datasources,Amazon QBR - Member Opportunity Savings Dataset,TRANSFORMED_LAYER,AMAZON,VW_MEMBER_OPPORTUNITIES_WITH_BEST_SAVER_IDENTIFIED,snowflake,SCRIPTAETL,PASSWORD
Amazon QBR Datasources,Amazon QBR - Member Opportunity Savings Dataset,TRANSFORMED_LAYER,AMAZON,VW_CUSTOMER_DATE_AVAILABILITY_WITH_ROI_PERIODS,snowflake,SCRIPTAETL,PASSWORD
Amazon QBR Datasources,Amazon QBR - Member Opportunity Savings Dataset,TRANSFORMED_LAYER,AMAZON,VW_MEMBER_OPPORTUNITIES_WITH_BEST_SAVER_IDENTIFIED,snowflake,SCRIPTAETL,PASSWORD
Amazon QBR Datasources,Amazon QBR - Member Savings Dataset,TRANSFORMED_LAYER,AMAZON,VW_REALIZED_SAVINGS_WITH_EMPLOYEE_DATA_AND_CUSTOM_FILTERS,snowflake,SCRIPTAETL,PASSWORD
Amazon QBR Datasources,Amazon QBR - Member Savings Dataset,TRANSFORMED_LAYER,AMAZON,VW_CUSTOMER_DATE_AVAILABILITY_WITH_ROI_PERIODS,snowflake,SCRIPTAETL,PASSWORD
Amazon QBR Datasources,Amazon QBR - Member Savings Dataset,TRANSFORMED_LAYER,AMAZON,VW_REALIZED_SAVINGS_WITH_EMPLOYEE_DATA_AND_CUSTOM_FILTERS,snowflake,SCRIPTAETL,PASSWORD
Amazon QBR Datasources,Amazon QBR - Member Savings Dataset,TRANSFORMED_LAYER,AMAZON,VW_CUSTOMER_DATE_AVAILABILITY_WITH_ROI_PERIODS,snowflake,SCRIPTAETL,PASSWORD
Amazon QBR Datasources,Amazon QBR - Monthly Customer Communications Dataset,TRANSFORMED_LAYER,AMAZON,VW_CUSTOMER_DATE_AVAILABILITY_WITH_ROI_PERIODS,snowflake,SCRIPTAETL,PASSWORD
Amazon QBR Datasources,Amazon QBR - Monthly Customer Communications Dataset,TRANSFORMED_LAYER,AMAZON,VW_MONTHLY_CUSTOMER_COMMUNICATIONS,snowflake,SCRIPTAETL,PASSWORD
Amazon QBR Datasources,Amazon QBR - Monthly Customer Communications Dataset,TRANSFORMED_LAYER,AMAZON,VW_CUSTOMER_DATE_AVAILABILITY_WITH_ROI_PERIODS,snowflake,SCRIPTAETL,PASSWORD
Amazon QBR Datasources,Amazon QBR - Monthly Customer Communications Dataset,TRANSFORMED_LAYER,AMAZON,VW_MONTHLY_CUSTOMER_COMMUNICATIONS,snowflake,SCRIPTAETL,PASSWORD
Amazon QBR Datasources,Amazon QBR - PMPM Spend Dataset,TRANSFORMED_LAYER,AMAZON,VW_PMPM_SPEND,snowflake,SCRIPTAETL,PASSWORD
Amazon QBR Datasources,Amazon QBR - PMPM Spend Dataset,TRANSFORMED_LAYER,AMAZON,VW_CUSTOMER_DATE_AVAILABILITY_WITH_ROI_PERIODS,snowflake,SCRIPTAETL,PASSWORD
Amazon QBR Datasources,Amazon QBR - PMPM Spend Dataset,TRANSFORMED_LAYER,AMAZON,VW_PMPM_SPEND,snowflake,SCRIPTAETL,PASSWORD
Amazon QBR Datasources,Amazon QBR - PMPM Spend Dataset,TRANSFORMED_LAYER,AMAZON,VW_CUSTOMER_DATE_AVAILABILITY_WITH_ROI_PERIODS,snowflake,SCRIPTAETL,PASSWORD
Amazon QBR Datasources,Amazon QBR - Pharmacy Spend Dataset,TRANSFORMED_LAYER,AMAZON,VW_PHARMACY_SPEND_AND_SAVE,snowflake,SCRIPTAETL,PASSWORD
Amazon QBR Datasources,Amazon QBR - Pharmacy Spend Dataset,TRANSFORMED_LAYER,AMAZON,VW_PHARMACY_SPEND_AND_SAVE,snowflake,SCRIPTAETL,PASSWORD
Amazon QBR Datasources,Amazon QBR - Pharmacy Spend Dataset,TRANSFORMED_LAYER,AMAZON,VW_CUSTOMER_DATE_AVAILABILITY_WITH_ROI_PERIODS,snowflake,SCRIPTAETL,PASSWORD
Amazon QBR Datasources,Amazon QBR - Pharmacy Spend Dataset,TRANSFORMED_LAYER,AMAZON,VW_PHARMACY_SPEND_AND_SAVE,snowflake,SCRIPTAETL,PASSWORD
Amazon QBR Datasources,Amazon QBR - Pharmacy Spend Dataset,TRANSFORMED_LAYER,AMAZON,VW_CUSTOMER_DATE_AVAILABILITY_WITH_ROI_PERIODS,snowflake,SCRIPTAETL,PASSWORD
Amazon QBR Datasources,Amazon QBR - Member Utilization Breakdown Dataset,TRANSFORMED_LAYER,AMAZON,VW_CUSTOMER_DATE_AVAILABILITY_WITH_ROI_PERIODS,snowflake,SCRIPTAETL,PASSWORD
Amazon QBR Datasources,Amazon QBR - Member Utilization Breakdown Dataset,TRANSFORMED_LAYER,AMAZON,VW_MEMBER_UTILIZATION_BREAKDOWN_WITH_CUSTOM_FIELDS,snowflake,SCRIPTAETL,PASSWORD
Amazon QBR Datasources,Amazon QBR - Member Utilization Breakdown Dataset,TRANSFORMED_LAYER,AMAZON,VW_CUSTOMER_DATE_AVAILABILITY_WITH_ROI_PERIODS,snowflake,SCRIPTAETL,PASSWORD
Amazon QBR Datasources,Amazon QBR - Member Utilization Breakdown Dataset,TRANSFORMED_LAYER,AMAZON,VW_MEMBER_UTILIZATION_BREAKDOWN_WITH_CUSTOM_FIELDS,snowflake,SCRIPTAETL,PASSWORD
Amazon QBR Datasources,QBR - Amazon - Primary Data Source - Data Availability  - Parameters For Custom Fields,TRANSFORMED_LAYER,AMAZON,VW_CUSTOMER_DATE_AVAILABILITY_WITH_ROI_PERIODS,snowflake,SCRIPTAETL,PASSWORD
Amazon QBR Datasources,Amazon QBR - Number Of Members By Number Of Opportunities Dataset,TRANSFORMED_LAYER,AMAZON,VW_CUSTOMER_DATE_AVAILABILITY_WITH_ROI_PERIODS,snowflake,SCRIPTAETL,PASSWORD
Amazon QBR Datasources,Amazon QBR - Number Of Members By Number Of Opportunities Dataset,TRANSFORMED_LAYER,AMAZON,VW_CUSTOMER_DATE_AVAILABILITY_WITH_ROI_PERIODS,snowflake,SCRIPTAETL,PASSWORD
Amazon QBR Datasources,Amazon QBR - Member Utilization Breakdown,TRANSFORMED_LAYER,AMAZON,VW_CUSTOMER_DATE_AVAILABILITY_WITH_ROI_PERIODS,snowflake,SCRIPTAETL,PASSWORD
Amazon QBR Datasources,Amazon QBR - Member Utilization Breakdown,TRANSFORMED_LAYER,AMAZON,VW_MEMBER_UTILIZATION_BREAKDOWN_WITH_CUSTOM_FIELDS,snowflake,SCRIPTAETL,PASSWORD
In Progress Visualizations,Member Savings Extract For Testing Only,TRANSFORMED_LAYER,AMAZON,VW_REALIZED_SAVINGS_WITH_EMPLOYEE_DATA_AND_CUSTOM_FILTERS,snowflake,SCRIPTAETL,PASSWORD
In Progress Visualizations,Member Savings Extract For Testing Only,TRANSFORMED_LAYER,AMAZON,VW_CUSTOMER_DATE_AVAILABILITY_WITH_ROI_PERIODS,snowflake,SCRIPTAETL,PASSWORD
Amazon QBR Data Sources with Location,Amazon QBR - Claims and Spend Dataset with Location,TRANSFORMED_LAYER,AMAZON,VW_CUSTOMER_DATE_AVAILABILITY_WITH_ROI_PERIODS,snowflake,SCRIPTAETL,PASSWORD
Amazon QBR Data Sources with Location,Amazon QBR - Claims and Spend Dataset with Location,TRANSFORMED_LAYER,AMAZON,VW_CLAIMS_AND_SPENDS,snowflake,SCRIPTAETL,PASSWORD
Amazon QBR Data Sources with Location,Amazon QBR - Member Communication Metadata Dataset with Location,TRANSFORMED_LAYER,AMAZON,VW_MEMBER_COMMUNICATION_OPTIONS,snowflake,SCRIPTAETL,PASSWORD
Amazon QBR Data Sources with Location,Amazon QBR - Member Communication Metadata Dataset with Location,TRANSFORMED_LAYER,AMAZON,VW_CUSTOMER_DATE_AVAILABILITY_WITH_ROI_PERIODS,snowflake,SCRIPTAETL,PASSWORD
Amazon QBR Data Sources with Location,Amazon QBR - Member Utilization Breakdown Dataset with Location,TRANSFORMED_LAYER,AMAZON,VW_CUSTOMER_DATE_AVAILABILITY_WITH_ROI_PERIODS,snowflake,SCRIPTAETL,PASSWORD
Amazon QBR Data Sources with Location,Amazon QBR - Member Utilization Breakdown Dataset with Location,TRANSFORMED_LAYER,AMAZON,VW_MEMBER_UTILIZATION_BREAKDOWN_WITH_CUSTOM_FIELDS,snowflake,SCRIPTAETL,PASSWORD
Amazon QBR Data Sources with Location,Amazon QBR - Pharmacy Spend Dataset with Location,TRANSFORMED_LAYER,AMAZON,VW_PHARMACY_SPEND_AND_SAVE,snowflake,SCRIPTAETL,PASSWORD
Amazon QBR Data Sources with Location,Amazon QBR - Pharmacy Spend Dataset with Location,TRANSFORMED_LAYER,AMAZON,VW_CUSTOMER_DATE_AVAILABILITY_WITH_ROI_PERIODS,snowflake,SCRIPTAETL,PASSWORD
Datasources,Pricing Analysis Datasource,STAGING_LAYER,TEMP,PRICING_ANALYSIS_TEST,snowflake,SCRIPTAETL,PASSWORD
In Progress Visualizations,Member Opportunities for 6 quarters and best saver joined to customer data availability,STAGING_LAYER,TEMP,VW_CUSTOMER_DATE_AVAILABILITY_WITH_ROI_PERIODS_TEST_ONLY,snowflake,SCRIPTAETL,PASSWORD
Drill Down Datasources,Member Savings Report For HCBB Customers Datasource,TRANSFORMED_LAYER,DRILL_DOWN_REPORTS,MEMBER_SAVINGS_REPORT_WITH_MIN_MAX_DATES_FOR_HCBB,snowflake,SCRIPTAETL,PASSWORD
